# LanguageTag	# Level	# Worksheet	# Problem		# Text	# Video	# Teaser
en-US	1	1	1		egg	egg.mp4	egg.png
en-US	1	1	2		sun	sun.mp4	sun.png
en-US	1	1	3		bug	bug.mp4	bug.png
en-US	1	1	4		dad	father.mp4	father.png
en-US	1	1	5		hen	hen.mp4	hen.png
en-US	1	1	6		sea	sea.mp4	sea.png
en-US	1	1	7		kid	child.mp4	child.png
en-US	2	1	1		nest	nest.mp4	nest.png
en-US	2	1	2		fish	fish.mp4	fish.png
en-US	2	1	3		lion	lion.mp4	lion.png
en-US	2	1	4		duck	duck.mp4	duck.png
en-US	2	1	5		book	book.mp4	book.png
en-US	2	1	6		fire	fire.mp4	fire.png
en-US	2	1	7		news	news.mp4	news.png
en-US	2	1	8		farm	farm.mp4	farm.png
en-US	3	1	1		clock	clock.mp4	clock.png
en-US	3	1	2		light	light.mp4	light.png
en-US	3	1	3		quail	quail.mp4	quail.png
en-US	3	1	4		snake	snake.mp4	snake.png
en-US	3	1	5		river	river.mp4	river.png
en-US	3	1	6		chair	chair.mp4	chair.png
en-US	3	1	7		woman	woman.mp4	woman.png
en-US	3	1	8		water	water.mp4	water.png
en-US	4	1	1		flower	flower.mp4	flower.png
en-US	4	1	2		potato	potato.mp4	potato.png
en-US	4	1	3		donkey	donkey.mp4	donkey.png
en-US	4	1	4		desert	desert.mp4	desert.png
en-US	4	1	5		basket	basket.mp4	basket.png
en-US	4	1	6		school	school.mp4	school.png
en-US	4	1	7		toilet	toilet.mp4	toilet.png
en-US	4	1	8		number	number.mp4	number.png
