#languageTag	#level	#worksheet	#problemNo	#sequenceType	#voiceSource	#problemSentence	#exampleNumber1	#exampleNumber2	#exampleNumber3	#exampleNumber4	#exampleWord1	#exampleWord2	#exampleWord3	#exampleWord4	#rightFormula	#rightAnswer	#objectValueA	#objectValueB	#objectValueC	#objectValueD	#equationValueA	#equationValueB	#equationSign	#equationUnknown	#objectSourceA	#objectSourceB	#objectSourceC	#objectSourceD
en-US	1	1	1	1	"जैक की मुर्गी ने कल ६ अंडे और आज ३ अंडे दिए। जैक की मुर्गी ने कितने अंडे दिए?"	Áñ·UUUU ·UUUè ×é»èü Ùð ·UUUUÜ 6 ¥¢Çð ¥æñÚ ¥æÁ 3 ¥¢Çð çÎ°Ð Áñ·UUUU ·UUUè ×é»èü Ùð ç·UUUUÌÙð ¥¢Çð çÎ°?	6	7	8	9	eggs	eggs	eggs	eggs	6 + 3 = <9>	4	6	3	0	0					wordwindow-stone-yellow.png	wordwindow-stone-red.png		
en-US	1	1	2	1	"फेंस पर २ पक्षी बैठे थे। ४ और पक्षी जुड़े। कितने पक्षी फेंस पर हैं?"	Èð¢UUUâ ÂÚ 2 Âÿæè ÕñÆð ÍðÐ 4 ¥æñÚ Âÿæè ÁéÇ¸ðÐ ç·UUUUÌÙð Âÿæè Èð¢UUUâ ÂÚ ãñ¢?	6	7	8	9	birds	birds	birds	birds	2 + 4 = <6>	1	2	4	0	0					wordwindow-stone-red.png	wordwindow-stone-blue.png		
en-US	1	1	3	1	"जब वह स्कूल में गणित करती है, शेल्बी स्टार स्टिकर कमाती है। कल, शेल्बी ने ४ स्टार कमाए। आज उसने ३ और कमाए। शेल्बी ने सभी में कितने स्टार कमाए?"	ÁÕ ßã S·êUUUÜ ×ð¢ »ç‡æÌ ·UUUUÚÌè ãñ, àæðËÕè SÅæÚ çSÅ·UUUUÚ ·UUUU×æÌè ãñÐ ·UUUUÜ, àæðËÕè Ùð 4 SÅæÚ ·UUUU×æ°Ð ¥æÁ ©âÙð 3 ¥æñÚ ·UUUU×æ°Ð àæðËÕè Ùð âÖè ×ð¢ ç·UUUUÌÙð SÅæÚ ·UUUU×æ°?	6	7	8	9	stars	stars	stars	stars	4 + 3 = <7>	2	4	3	0	0					wordwindow-stone-blue.png	wordwindow-stone-green.png		
en-US	1	1	4	1	"टॉम के पास ६ किताबें हैं। जेम्स  के पास २ किताबें हैं। उनके पास सभी में कितनी किताबें हैं?"	Åæò× ·ðUUU Âæâ 6 ç·UUUUÌæÕð¢ ãñ¢Ð Áð{â ·ðUUU Âæâ 2 ç·UUUUÌæÕð¢ ãñ¢Ð ©Ù·ðUUU Âæâ âÖè ×ð¢ ç·UUUUÌÙè ç·UUUUÌæÕð¢ ãñ¢?	3	5	7	8	books	books	books	books	6 + 2 = <8>	4	6	2	0	0					wordwindow-stone-yellow.png	wordwindow-stone-green.png		
en-US	1	1	5	1	"माया ने दोपहर के भोजन में ३ याम और रात के खाने में ५ याम परोसे। दिन में कितने याम परोसे गए?"	×æØæ Ùð ÎôÂãÚ ·ðUUU ÖôÁÙ ×ð¢ 3 Øæ× ¥æñÚ ÚæÌ ·ðUUU ¹æÙð ×ð¢ 5 Øæ× ÂÚôâðÐ çÎÙ ×ð¢ ç·UUUUÌÙð Øæ× ÂÚôâð »°?	4	6	8	10	yams	yams	yams	yams	3 + 5 = <8>	3	3	5	0	0					wordwindow-stone-green.png	wordwindow-stone-red.png		
en-US	1	2	1	1	"टॉम के पास ६ किताबें हैं। जेम्स  के पास २ किताबें हैं। उनके पास सभी में कितनी किताबें हैं?"	Åæò× ·ðUUU Âæâ 6 ç·UUUUÌæÕð¢ ãñ¢Ð Áð{â ·ðUUU Âæâ 2 ç·UUUUÌæÕð¢ ãñ¢Ð ©Ù·ðUUU Âæâ âÖè ×ð¢ ç·UUUUÌÙè ç·UUUUÌæÕð¢ ãñ¢?	3	5	7	8	books	books	books	books	6 + 2 = <8>	4	6	2	0	0					wordwindow-stone-yellow.png	wordwindow-stone-green.png		
en-US	1	2	2	1	"माया ने दोपहर के भोजन में ३ याम और रात के खाने में ५ याम परोसे। दिन में कितने याम परोसे गए?"	×æØæ Ùð ÎôÂãÚ ·ðUUU ÖôÁÙ ×ð¢ 3 Øæ× ¥æñÚ ÚæÌ ·ðUUU ¹æÙð ×ð¢ 5 Øæ× ÂÚôâðÐ çÎÙ ×ð¢ ç·UUUUÌÙð Øæ× ÂÚôâð »°?	4	6	8	10	yams	yams	yams	yams	3 + 5 = <8>	3	3	5	0	0					wordwindow-stone-green.png	wordwindow-stone-red.png		
en-US	1	2	3	1	"७ रेड एप्पल और २ ग्रीन एप्पल टोकरी में हैं। टोकरी में कितने एप्पल हैं?"	7 ÚðÇ °ŒÂÜ ¥æñÚ 2 »ýèÙ °ŒÂÜ Åô·UUUUÚè ×ð¢ ãñ¢Ð Åô·UUUUÚè ×ð¢ ç·UUUUÌÙð °ŒÂÜ ãñ¢?	6	7	8	9	apples	apples	apples	apples	7 + 2 = <9>	4	7	2	0	0					wordwindow-stone-red.png	wordwindow-stone-green.png		
en-US	1	2	4	1	"स्टैसी ने सुबह ५ मछलियाँ पकड़ीं। उसने दोपहर में ४ और मछलियाँ पकड़ीं। स्टैसी ने कुल कितनी मछली पकड़ीं?"	SÅUñâè Ùð âéÕã 5 ×ÀçÜØæ¡ Â·¤Ç¸è´Ð ©âÙð ÎôÂãÚU ×ð´ 4 ¥õÚU ×ÀçÜØæ¡ Â·¤Ç¸è´Ð SÅUñâè Ùð ·¤éÜ ç·¤ÌÙè ×ÀÜè Â·¤Ç¸è´?	6	7	8	9	fish	fish	fish	fish	5 + 4 = <9>	4	5	4	0	0					wordwindow-stone-red.png	wordwindow-stone-yellow.png		
en-US	1	2	5	1	"जब वह स्कूल में गणित करती है, शेल्बी स्टार स्टिकर कमाती है। कल, शेल्बी ने ४ स्टार कमाए। आज उसने ३ और कमाए। शेल्बी ने सभी में कितने स्टार कमाए?"	ÁÕ ßã S·êUUUÜ ×ð¢ »ç‡æÌ ·UUUUÚÌè ãñ, àæðËÕè SÅæÚ çSÅ·UUUUÚ ·UUUU×æÌè ãñÐ ·UUUUÜ, àæðËÕè Ùð 4 SÅæÚ ·UUUU×æ°Ð ¥æÁ ©âÙð 3 ¥æñÚ ·UUUU×æ°Ð àæðËÕè Ùð âÖè ×ð¢ ç·UUUUÌÙð SÅæÚ ·UUUU×æ°?	6	7	8	9	stars	stars	stars	stars	4 + 3 = <7>	2	4	3	0	0					wordwindow-stone-blue.png	wordwindow-stone-green.png		
en-US	1	3	1	1	"७ रेड एप्पल और २ ग्रीन एप्पल टोकरी में हैं। टोकरी में कितने एप्पल हैं?"	7 ÚðÇ °ŒÂÜ ¥æñÚ 2 »ýèÙ °ŒÂÜ Åô·UUUUÚè ×ð¢ ãñ¢Ð Åô·UUUUÚè ×ð¢ ç·UUUUÌÙð °ŒÂÜ ãñ¢?	6	7	8	9	apples	apples	apples	apples	7 + 2 = <9>	4	7	2	0	0					wordwindow-stone-red.png	wordwindow-stone-green.png		
en-US	1	3	2	1	"जैक की मुर्गी ने कल ६ अंडे और आज ३ अंडे दिए। जैक की मुर्गी ने कितने अंडे दिए?"	Áñ·UUUU ·UUUè ×é»èü Ùð ·UUUUÜ 6 ¥¢Çð ¥æñÚ ¥æÁ 3 ¥¢Çð çÎ°Ð Áñ·UUUU ·UUUè ×é»èü Ùð ç·UUUUÌÙð ¥¢Çð çÎ°?	6	7	8	9	eggs	eggs	eggs	eggs	6 + 3 = <9>	4	6	3	0	0					wordwindow-stone-yellow.png	wordwindow-stone-red.png		
en-US	1	3	3	1	"जब वह स्कूल में गणित करती है, शेल्बी स्टार स्टिकर कमाती है। कल, शेल्बी ने ४ स्टार कमाए। आज उसने ३ और कमाए। शेल्बी ने सभी में कितने स्टार कमाए?"	ÁÕ ßã S·êUUUÜ ×ð¢ »ç‡æÌ ·UUUUÚÌè ãñ, àæðËÕè SÅæÚ çSÅ·UUUUÚ ·UUUU×æÌè ãñÐ ·UUUUÜ, àæðËÕè Ùð 4 SÅæÚ ·UUUU×æ°Ð ¥æÁ ©âÙð 3 ¥æñÚ ·UUUU×æ°Ð àæðËÕè Ùð âÖè ×ð¢ ç·UUUUÌÙð SÅæÚ ·UUUU×æ°?	6	7	8	9	stars	stars	stars	stars	4 + 3 = <7>	2	4	3	0	0					wordwindow-stone-blue.png	wordwindow-stone-green.png		
en-US	1	3	4	1	"टॉम के पास ६ किताबें हैं। जेम्स के पास २ किताबें हैं। उनके पास सभी में कितनी किताबें हैं?"	Åæò× ·ðUUU Âæâ 6 ç·UUUUÌæÕð¢ ãñ¢Ð Áð{â ·ðUUU Âæâ 2 ç·UUUUÌæÕð¢ ãñ¢Ð ©Ù·ðUUU Âæâ âÖè ×ð¢ ç·UUUUÌÙè ç·UUUUÌæÕð¢ ãñ¢?	3	5	7	8	books	books	books	books	6 + 2 = <8>	4	6	2	0	0					wordwindow-stone-yellow.png	wordwindow-stone-green.png		
en-US	1	3	5	1	"स्टैसी ने सुबह ५ मछलियाँ पकड़ीं। उसने दोपहर में ४ और मछलियाँ पकड़ीं। स्टैसी ने कुल कितनी मछली पकड़ीं?"	SÅUñâè Ùð âéÕã 5 ×ÀçÜØæ¡ Â·¤Ç¸è´Ð ©âÙð ÎôÂãÚU ×ð´ 4 ¥õÚU ×ÀçÜØæ¡ Â·¤Ç¸è´Ð SÅUñâè Ùð ·¤éÜ ç·¤ÌÙè ×ÀÜè Â·¤Ç¸è´?	6	7	8	9	fish	fish	fish	fish	5 + 4 = <9>	4	5	4	0	0					wordwindow-stone-red.png	wordwindow-stone-yellow.png		
en-US	2	1	1	4	"बिली के पास २ मार्बल्स हैं। ऑड्रे के पास बिली की तुलना में ३ अधिक मार्बल्स हैं। ऑड्रे के पास कितने मार्बल्स हैं?"	çÕÜè ·ðUUU Âæâ 2 ×æÕüËâ ãñ¢Ð ¥æòÇþð ·ðUUU Âæâ çÕÜè ·UUUè ÌéÜÙæ ×ð¢ 3 ¥çÏ·UUUU ×æÕüËâ ãñ¢Ð ¥æòÇþð ·ðUUU Âæâ ç·UUUUÌÙð ×æÕüËâ ãñ¢?	2	3	5	8	marbles	marbles	marbles	marbles	2 + 3 = <5>	3	2	5	0	0					wordwindow-stone-red.png	wordwindow-stone-blue.png		
en-US	2	1	2	4	"हेनरी के पास ४ डाक टिकट हैं। एरिक के पास हेनरी की तुलना में ५ अधिक डाक टिकट हैं। एरिक के पास कितने डाक टिकट हैं?"	ãðÙÚè ·ðUUU Âæâ 4 Çæ·UUUU çÅ·UUUUÅ ãñ¢Ð °çÚ·UUUU ·ðUUU Âæâ ãðÙÚè ·UUUè ÌéÜÙæ ×ð¢ 5 ¥çÏ·UUUU Çæ·UUUU çÅ·UUUUÅ ãñ¢Ð °çÚ·UUUU ·ðUUU Âæâ ç·UUUUÌÙð Çæ·UUUU çÅ·UUUUÅ ãñ¢?	4	5	9	11	stamps	stamps	stamps	stamps	4 + 5 = <9>	3	4	9	0	0					wordwindow-stone-blue.png	wordwindow-stone-green.png		
en-US	2	1	3	4	"स्कूल में दो खोया-पाया बक्से हैं। पहले बॉक्स में, ५ टोपी हैं। दूसरे बॉक्स में, पहले बॉक्स की तुलना में ४ अधिक टोपी हैं। दूसरे बॉक्स में कितनी टोपियाँ हैं?"	S·êUUUÜ ×ð¢ Îô ¹ôØæ-ÂæØæ Õvâð ãñ¢Ð ÂãÜð Õæòvâ ×ð¢, 5 ÅôÂè ãñ¢Ð ÎêâÚð Õæòvâ ×ð¢, ÂãÜð Õæòvâ ·UUUè ÌéÜÙæ ×ð¢ 4 ¥çÏ·UUUU ÅôÂè ãñ¢Ð ÎêâÚð Õæòvâ ×ð¢ ç·UUUUÌÙè ÅôçÂØæ¡ ãñ¢?	5	9	14	15	hats	hats	hats	hats	5 + 4 = <9>	2	5	9	0	0					wordwindow-stone-yellow.png	wordwindow-stone-red.png		
en-US	2	1	4	4	"बॉबी ने गैबी की तुलना में ३ अधिक पुस्तकें खरीदीं। गैबी ने 1 किताब खरीदी। बॉबी ने कितनी किताबें खरीदीं?"	ÕæòÕè Ùð »ñÕè ·¤è ÌéÜÙæ ×ð´ x ¥çÏ·¤ ÂéSÌ·Ô¤´ ¹ÚUèÎè´Ð »ñÕè Ùð °·¤ ç·¤ÌæÕ ¹ÚUèÎèÐ ÕæòÕè Ùð ç·¤ÌÙè ç·¤ÌæÕð´ ¹ÚUèÎè´?	3	4	5	6	books	books	books	books	1 + 3 = <4>	2	4	1	0	0					wordwindow-stone-yellow.png	wordwindow-stone-blue.png		
en-US	2	1	5	4	"डीनना के पास फतौ से ५ ज्यादा पहेलियां हैं। फतौ के पास ३ पहेलियां हैं। डीनना के पास कितनी पहेलियां हैं?"	ÇèÙÙæ ·ðUUU Âæâ ÈUUUUÌõ âð 5 ’ØæÎæ ÂãðçÜØæ¢ ãñ¢Ð ÈUUUUÌõ ·ðUUU Âæâ 3 ÂãðçÜØæ¢ ãñ¢Ð ÇèÙÙæ ·ðUUU Âæâ ç·UUUUÌÙè ÂãðçÜØæ¢ ãñ¢?	6	7	8	9	puzzles	puzzles	puzzles	puzzles	3 + 5 = <8>	3	8	3	0	0					wordwindow-stone-yellow.png	wordwindow-stone-green.png		
en-US	2	2	1	4	"हेनरी के पास ४ डाक टिकट हैं। एरिक के पास हेनरी की तुलना में ५ अधिक डाक टिकट हैं। एरिक के पास कितने डाक टिकट हैं?"	ãðÙÚè ·ðUUU Âæâ 4 Çæ·UUUU çÅ·UUUUÅ ãñ¢Ð °çÚ·UUUU ·ðUUU Âæâ ãðÙÚè ·UUUè ÌéÜÙæ ×ð¢ 5 ¥çÏ·UUUU Çæ·UUUU çÅ·UUUUÅ ãñ¢Ð °çÚ·UUUU ·ðUUU Âæâ ç·UUUUÌÙð Çæ·UUUU çÅ·UUUUÅ ãñ¢?	4	5	9	11	stamps	stamps	stamps	stamps	4 + 5 = <9>	3	4	9	0	0					wordwindow-stone-blue.png	wordwindow-stone-green.png		
en-US	2	2	2	4	"थॉमस के खेत में २ बकरियाँ हैं। उसके खेत पर बकरियों की तुलना में ६ अधिक मुर्गियां हैं। उसके पास कितनी मुर्गियां हैं?"	Íæò×â ·ðUUU ¹ðÌ ×ð¢ 2 Õ·UUUUçÚØæ¡ ãñ¢Ð ©â·ðUUU ¹ðÌ ÂÚ Õ·UUUUçÚØô¢ ·UUUè ÌéÜÙæ ×ð¢ 6 ¥çÏ·UUUU ×éç»üØæ¢ ãñ¢Ð ©â·ðUUU Âæâ ç·UUUUÌÙè ×éç»üØæ¢ ãñ¢?	2	6	8	12	chickens	chickens	chickens	chickens	2 + 6 = <8>	3	2	8	0	0					wordwindow-stone-red.png	wordwindow-stone-green.png		
en-US	2	2	3	4	"सारा ५ साल की है। उसकी बहन केटी सारा से २ साल बड़ी है। केटी की उम्र कितनी है?"	âæÚæ 5 âæÜ ·UUUè ãñÐ ©â·UUUè ÕãÙ ·ðUUUÅè âæÚæ âð 2 âæÜ ÕÇ¸è ãñÐ ·ðUUUÅè ·UUUè ©×ý ç·UUUUÌÙè ãñ?	2	5	7	9	years old	years old	years old	years old	5 + 2 = <7>	3	5	7	0	0					wordwindow-stone-red.png	wordwindow-stone-yellow.png		
en-US	2	2	4	4	"पुस्तकालय में स्कूल कार्यालय की तुलना में ५ अधिक टेबल हैं। स्कूल के कार्यालय में २ टेबल हैं। पुस्तकालय में कितने टेबल हैं?"	ÂéSÌ·UUUæÜØ ×ð¢ S·êUUUÜ ·UUUæØæüÜØ ·UUUè ÌéÜÙæ ×ð¢ 5 ¥çÏ·UUUU ÅðÕÜ ãñ¢Ð S·êUUUÜ ·ðUUU ·UUUæØæüÜØ ×ð¢ 2 ÅðÕÜ ãñ¢Ð ÂéSÌ·UUUæÜØ ×ð¢ ç·UUUUÌÙð ÅðÕÜ ãñ¢?	5	7	9	11	tables	tables	tables	tables	2 + 5 = <7>	2	7	2	0	0					wordwindow-stone-green.png	wordwindow-stone-red.png		
en-US	2	2	5	4	"बॉबी ने गैबी की तुलना में ३ अधिक पुस्तकें खरीदीं। गैबी ने 1 किताब खरीदी। बॉबी ने कितनी किताबें खरीदीं?"	ÕæòÕè Ùð »ñÕè ·¤è ÌéÜÙæ ×ð´ x ¥çÏ·¤ ÂéSÌ·Ô¤´ ¹ÚUèÎè´Ð »ñÕè Ùð °·¤ ç·¤ÌæÕ ¹ÚUèÎèÐ ÕæòÕè Ùð ç·¤ÌÙè ç·¤ÌæÕð´ ¹ÚUèÎè´?	3	4	5	6	books	books	books	books	1 + 3 = <4>	2	4	1	0	0					wordwindow-stone-yellow.png	wordwindow-stone-blue.png		
en-US	2	3	1	4	"सारा ५ साल की है। उसकी बहन केटी सारा से २ साल बड़ी है। केटी की उम्र कितनी है?"	âæÚæ 5 âæÜ ·UUUè ãñÐ ©â·UUUè ÕãÙ ·ðUUUÅè âæÚæ âð 2 âæÜ ÕÇ¸è ãñÐ ·ðUUUÅè ·UUUè ©×ý ç·UUUUÌÙè ãñ?	2	5	7	9	years old	years old	years old	years old	5 + 2 = <7>	3	5	7	0	0					wordwindow-stone-red.png	wordwindow-stone-yellow.png		
en-US	2	3	2	4	"हेनरी के पास ४ डाक टिकट हैं। एरिक के पास हेनरी की तुलना में ५ अधिक डाक टिकट हैं। एरिक के पास कितने डाक टिकट हैं?"	ãðÙÚè ·ðUUU Âæâ 4 Çæ·UUUU çÅ·UUUUÅ ãñ¢Ð °çÚ·UUUU ·ðUUU Âæâ ãðÙÚè ·UUUè ÌéÜÙæ ×ð¢ 5 ¥çÏ·UUUU Çæ·UUUU çÅ·UUUUÅ ãñ¢Ð °çÚ·UUUU ·ðUUU Âæâ ç·UUUUÌÙð Çæ·UUUU çÅ·UUUUÅ ãñ¢?	4	5	9	11	stamps	stamps	stamps	stamps	4 + 5 = <9>	3	4	9	0	0					wordwindow-stone-blue.png	wordwindow-stone-green.png		
en-US	2	3	3	4	"बिली के पास २ मार्बल्स हैं। ऑड्रे के पास बिली की तुलना में ३ अधिक मार्बल्स हैं। ऑड्रे के पास कितने मार्बल्स हैं?"	çÕÜè ·ðUUU Âæâ 2 ×æÕüËâ ãñ¢Ð ¥æòÇþð ·ðUUU Âæâ çÕÜè ·UUUè ÌéÜÙæ ×ð¢ 3 ¥çÏ·UUUU ×æÕüËâ ãñ¢Ð ¥æòÇþð ·ðUUU Âæâ ç·UUUUÌÙð ×æÕüËâ ãñ¢?	2	3	5	8	marbles	marbles	marbles	marbles	2 + 3 = <5>	3	2	5	0	0					wordwindow-stone-red.png	wordwindow-stone-blue.png		
en-US	2	3	4	4	"डीनना के पास फतौ से ५ ज्यादा पहेलियां हैं। फतौ के पास ३ पहेलियां हैं। डीनना के पास कितनी पहेलियां हैं?"	ÇèÙÙæ ·ðUUU Âæâ ÈUUUUÌõ âð 5 ’ØæÎæ ÂãðçÜØæ¢ ãñ¢Ð ÈUUUUÌõ ·ðUUU Âæâ 3 ÂãðçÜØæ¢ ãñ¢Ð ÇèÙÙæ ·ðUUU Âæâ ç·UUUUÌÙè ÂãðçÜØæ¢ ãñ¢?	6	7	8	9	puzzles	puzzles	puzzles	puzzles	3 + 5 = <8>	3	8	3	0	0					wordwindow-stone-yellow.png	wordwindow-stone-green.png		
en-US	2	3	5	4	"पुस्तकालय में स्कूल कार्यालय की तुलना में ५ अधिक टेबल हैं। स्कूल के कार्यालय में २ टेबल हैं। पुस्तकालय में कितने टेबल हैं?"	ÂéSÌ·UUUæÜØ ×ð¢ S·êUUUÜ ·UUUæØæüÜØ ·UUUè ÌéÜÙæ ×ð¢ 5 ¥çÏ·UUUU ÅðÕÜ ãñ¢Ð S·êUUUÜ ·ðUUU ·UUUæØæüÜØ ×ð¢ 2 ÅðÕÜ ãñ¢Ð ÂéSÌ·UUUæÜØ ×ð¢ ç·UUUUÌÙð ÅðÕÜ ãñ¢?	5	7	9	11	tables	tables	tables	tables	2 + 5 = <7>	2	7	2	0	0					wordwindow-stone-green.png	wordwindow-stone-red.png		
en-US	3	1	1	2	"1 शाखा पर ४ पक्षी बैठे हैं। १ उड़ गया। शाखा पर कितने पक्षी बचे हैं?"	1 àææ¹æ ÂÚ 4 Âÿæè ÕñÆð ãñ¢Ð 1 ©Ç¸ »ØæÐ àææ¹æ ÂÚ ç·UUUUÌÙð Âÿæè Õ¿ð ãñ¢?	2	3	4	5	birds	birds	birds	birds	4 - 1 = <3>	2	4	1	0	0					wordwindow-stone-blue.png	wordwindow-stone-green.png		
en-US	3	1	2	2	"आसमान में ९ पतंगें उड़ रही हैं। 1 हवा ३ पतंगों को जमीन पर गिरा देती है। कितनी पतंगें अभी भी आसमान में उड़ रही हैं?"	¥æâ×æÙ ×ð¢ 9 ÂÌ¢»ð¢ ©Ç¸ Úãè ãñ¢Ð 1 ãßæ 3 ÂÌ¢»ô¢ ·UUUUô Á×èÙ ÂÚ ç»Úæ ÎðÌè ãñÐ ç·UUUUÌÙè ÂÌ¢»ð¢ ¥Öè Öè ¥æâ×æÙ ×ð¢ ©Ç¸ Úãè ãñ¢?	5	6	7	8	kites	kites	kites	kites	9 - 3 = <6>	2	9	3	0	0					wordwindow-stone-blue.png	wordwindow-stone-yellow.png		
en-US	3	1	3	2	"५ एपल्स टेबल पर हैं। सैम २ एपल्स खाता है। टेबल पर कितने एपल्स बचे हैं?"	5 °ÂËâ ÅðÕÜ ÂÚ ãñ¢Ð âñ× 2 °ÂËâ ¹æÌæ ãñÐ ÅðÕÜ ÂÚ ç·UUUUÌÙð °ÂËâ Õ¿ð ãñ¢?	2	3	4	5	apples	apples	apples	apples	5 - 2  = <3>	2	5	2	0	0					wordwindow-stone-red.png	wordwindow-stone-yellow.png		
en-US	3	1	4	2	"हैना ८ रोटियाँ बनाती है। वह अपने भाई को ३ रोटियाँ देती है। उसके पास कितनी रोटियाँ बची हैं?"	ãñÙæ 8 ÚôçÅØæ¡ ÕÙæÌè ãñÐ ßã ¥ÂÙð Öæ§ü ·UUUUô 3 ÚôçÅØæ¡ ÎðÌè ãñÐ ©â·ðUUU Âæâ ç·UUUUÌÙè ÚôçÅØæ¡ Õ¿è ãñ¢?	8	7	6	5	rotis	rotis	rotis	rotis	8 - 3 = <5>	4	8	3	0	0					wordwindow-stone-yellow.png	wordwindow-stone-blue.png		
en-US	3	1	5	2	"सबरीना ४ कंगन बनाती है। वह उनमें से २ अपने दोस्त को देती है। सबरीना के पास कितने कंगन बचे हैं?"	âÕÚèÙæ 4 ·¢UUU»Ù ÕÙæÌè ãñÐ ßã ©Ù×ð¢ âð 2 ¥ÂÙð ÎôSÌ ·UUUUô ÎðÌè ãñÐ âÕÚèÙæ ·ðUUU Âæâ ç·UUUUÌÙð ·¢UUU»Ù Õ¿ð ãñ¢?	1	2	3	4	bracelet	bracelets	bracelets	bracelets	4 - 2 = <2>	2	4	2	0	0					wordwindow-stone-yellow.png	wordwindow-stone-red.png		
en-US	3	2	1	2	"एना के पास ७ बिस्कुट हैं। वह उनमें से २ खाती है। उसके पास कितनी बिस्कुट बची हैं?"	°Ùæ ·Ô¤ Âæâ 7 çÕS·¤éÅU ãñ´Ð ßã ©Ù×ð´ âð 2 ¹æÌè ãñÐ ©â·Ô¤ Âæâ ç·¤ÌÙè çÕS·¤éÅU Õ¿è ãñ´?	3	4	5	6	biscuits	biscuits	biscuits	biscuits	7 - 2 = <5>	3	7	2	0	0					wordwindow-stone-red.png	wordwindow-stone-blue.png		
en-US	3	2	2	2	"हैना ८ रोटियाँ बनाती है। वह अपने भाई को ३ रोटियाँ देती है। उसके पास कितनी रोटियाँ बची हैं?"	ãñÙæ 8 ÚôçÅØæ¡ ÕÙæÌè ãñÐ ßã ¥ÂÙð Öæ§ü ·UUUUô 3 ÚôçÅØæ¡ ÎðÌè ãñÐ ©â·ðUUU Âæâ ç·UUUUÌÙè ÚôçÅØæ¡ Õ¿è ãñ¢?	8	7	6	5	rotis	rotis	rotis	rotis	8 - 3 = <5>	4	8	3	0	0					wordwindow-stone-yellow.png	wordwindow-stone-blue.png		
en-US	3	2	3	2	"मिल्ली के ९ कंगन हैं। वह उनमें से २ खो देती है। मिल्ली के पास अभ कितने कंगन बचे हैं?"	ç×ËÜè ·ðUUU 9 ·¢UUU»Ù ãñ¢Ð ßã ©Ù×ð¢ âð 2 ¹ô ÎðÌè ãñÐ ç×ËÜè ·ðUUU Âæâ ¥Ö ç·UUUUÌÙð ·¢UUU»Ù Õ¿ð ãñ¢?	9	7	5	3	bracelets	bracelets	bracelets	bracelets	9 - 2 = <7>	2	9	2	0	0					wordwindow-stone-yellow.png	wordwindow-stone-green.png		
en-US	3	2	4	2	"आसमान में ९ पतंगें उड़ रही हैं। 1 हवा ३ पतंगों को जमीन पर गिरा देती है। कितनी पतंगें अभी भी आसमान में उड़ रही हैं?"	¥æâ×æÙ ×ð¢ 9 ÂÌ¢»ð¢ ©Ç¸ Úãè ãñ¢Ð 1 ãßæ 3 ÂÌ¢»ô¢ ·UUUUô Á×èÙ ÂÚ ç»Úæ ÎðÌè ãñÐ ç·UUUUÌÙè ÂÌ¢»ð¢ ¥Öè Öè ¥æâ×æÙ ×ð¢ ©Ç¸ Úãè ãñ¢?	5	6	7	8	kites	kites	kites	kites	9 - 3 = <6>	2	9	3	0	0					wordwindow-stone-blue.png	wordwindow-stone-yellow.png		
en-US	3	2	5	2	"एना के पास ७ बिस्कुट हैं। वह उनमें से २ खाती है। उसके पास कितनी बिस्कुट बची हैं?"	°Ùæ ·Ô¤ Âæâ 7 çÕS·¤éÅU ãñ´Ð ßã ©Ù×ð´ âð 2 ¹æÌè ãñÐ ©â·Ô¤ Âæâ ç·¤ÌÙè çÕS·¤éÅU Õ¿è ãñ´?	3	4	5	6	biscuits	biscuits	biscuits	biscuits	7 - 2 = <5>	3	7	2	0	0					wordwindow-stone-red.png	wordwindow-stone-blue.png		
en-US	3	3	1	2	"५ एपल्स टेबल पर हैं। सैम २ एपल्स खाता है। टेबल पर कितने एपल्स बचे हैं?"	5 °ÂËâ ÅðÕÜ ÂÚ ãñ¢Ð âñ× 2 °ÂËâ ¹æÌæ ãñÐ ÅðÕÜ ÂÚ ç·UUUUÌÙð °ÂËâ Õ¿ð ãñ¢?	2	3	4	5	apples	apples	apples	apples	5 - 2  = <3>	2	5	2	0	0					wordwindow-stone-red.png	wordwindow-stone-yellow.png		
en-US	3	3	2	2	"हैना ८ रोटियाँ बनाती है। वह अपने भाई को ३ रोटियाँ देती है। उसके पास कितनी रोटियाँ बची हैं?"	ãñÙæ 8 ÚôçÅØæ¡ ÕÙæÌè ãñÐ ßã ¥ÂÙð Öæ§ü ·UUUUô 3 ÚôçÅØæ¡ ÎðÌè ãñÐ ©â·ðUUU Âæâ ç·UUUUÌÙè ÚôçÅØæ¡ Õ¿è ãñ¢?	8	7	6	5	rotis	rotis	rotis	rotis	8 - 3 = <5>	4	8	3	0	0					wordwindow-stone-yellow.png	wordwindow-stone-blue.png		
en-US	3	3	3	2	"मिल्ली के ९ कंगन हैं। वह उनमें से २ खो देती है। मिल्ली के पास अभ कितने कंगन बचे हैं?"	ç×ËÜè ·ðUUU 9 ·¢UUU»Ù ãñ¢Ð ßã ©Ù×ð¢ âð 2 ¹ô ÎðÌè ãñÐ ç×ËÜè ·ðUUU Âæâ ¥Ö ç·UUUUÌÙð ·¢UUU»Ù Õ¿ð ãñ¢?	9	7	5	3	bracelets	bracelets	bracelets	bracelets	9 - 2 = <7>	2	9	2	0	0					wordwindow-stone-yellow.png	wordwindow-stone-green.png		
en-US	3	3	4	2	"आसमान में ९ पतंगें उड़ रही हैं। 1 हवा ३ पतंगों को जमीन पर गिरा देती है। कितनी पतंगें अभी भी आसमान में उड़ रही हैं?"	¥æâ×æÙ ×ð¢ 9 ÂÌ¢»ð¢ ©Ç¸ Úãè ãñ¢Ð 1 ãßæ 3 ÂÌ¢»ô¢ ·UUUUô Á×èÙ ÂÚ ç»Úæ ÎðÌè ãñÐ ç·UUUUÌÙè ÂÌ¢»ð¢ ¥Öè Öè ¥æâ×æÙ ×ð¢ ©Ç¸ Úãè ãñ¢?	5	6	7	8	kites	kites	kites	kites	9 - 3 = <6>	2	9	3	0	0					wordwindow-stone-blue.png	wordwindow-stone-yellow.png		
en-US	3	3	5	2	"एना के पास ७ बिस्कुट हैं। वह उनमें से २ खाती है। उसके पास कितनी बिस्कुट बची हैं?"	°Ùæ ·Ô¤ Âæâ 7 çÕS·¤éÅU ãñ´Ð ßã ©Ù×ð´ âð 2 ¹æÌè ãñÐ ©â·Ô¤ Âæâ ç·¤ÌÙè çÕS·¤éÅU Õ¿è ãñ´?	3	4	5	6	biscuits	biscuits	biscuits	biscuits	7 - 2 = <5>	3	7	2	0	0					wordwindow-stone-red.png	wordwindow-stone-blue.png		
en-US	4	1	1	4	"६ पक्षी और ३ घोंसले हैं। घोंसलों की तुलना में कितने अधिक पक्षी हैं"	6 Âÿæè ¥æñÚ 3 ƒæô¢âÜð ãñ¢Ð ƒæô¢âÜô¢ ·UUUè ÌéÜÙæ ×ð¢ ç·UUUUÌÙð ¥çÏ·UUUU Âÿæè ãñ¢?	3	6	9	12	birds	birds	birds	birds	6 - 3 = <3>	1	6	3	0	0					wordwindow-stone-blue.png	wordwindow-stone-green.png		
en-US	4	1	2	4	"एमी ने ४ ब्लॉक चलती है स्कूल के लिए। जेन स्कूल के लिए २ ब्लॉक चलता है। एमी जेन की तुलना में स्कूल जाने के लिए और कितने ब्लॉक चलती हैं?"	°×è Ùð 4 yÜæò·UUUU ¿ÜÌè ãñ S·êUUUÜ ·ðUUU çÜ°Ð ÁðÙ S·êUUUÜ ·ðUUU çÜ° 2 yÜæò·UUUU ¿ÜÌæ ãñÐ °×è ÁðÙ ·UUUè ÌéÜÙæ ×ð¢ S·êUUUÜ ÁæÙð ·ðUUU çÜ° ¥æñÚ ç·UUUUÌÙð yÜæò·UUUU ¿ÜÌè ãñ¢?	2	4	6	8	blocks	blocks	blocks	blocks	4 - 2 = <2>	1	4	2	0	0					wordwindow-stone-blue.png	wordwindow-stone-red.png		
en-US	4	1	3	4	"लुसी ९ साल की है। उसकी बहन जूली ६ साल की है। लुसी अपनी बहन जूली से कितनी बड़ी है?"	Üéâè 9 âæÜ ·UUUè ãñÐ ©â·UUUè ÕãÙ ÁêÜè 6 âæÜ ·UUUè ãñÐ Üéâè ¥ÂÙè ÕãÙ ÁêÜè âð ç·UUUUÌÙè ÕÇ¸è ãñ?	3	6	9	12	years	years	years	years	9 - 6  = <3>	1	9	6	0	0					wordwindow-stone-red.png	wordwindow-stone-yellow.png		
en-US	4	1	4	4	"सैम ने ७ बिस्कुट और जेन ने २ बिस्कुट  खाए। सैम की तुलना में जेन ने कितने कम बिस्कुट खाए?"	âñ× Ùð 7 çÕS·éUUUÅ ¥æñÚ ÁðÙ Ùð 2 çÕS·éUUUÅ  ¹æ°Ð âñ× ·UUUè ÌéÜÙæ ×ð¢ ÁðÙ Ùð ç·UUUUÌÙð ·UUUU× çÕS·éUUUÅ ¹æ°?	3	5	7	9	biscuits	biscuits	biscuits	biscuits	7 - 2 = <5>	2	7	2	0	0					wordwindow-stone-yellow.png	wordwindow-stone-green.png		
en-US	4	1	5	4	"टॉम ने स्कूल के बगीचे में ५ बीज लगाए। जेन ने ८ बीज लगाए। टॉम ने जेन की तुलना में कितने कम बीज लगाए?"	Åæò× Ùð S·êUUUÜ ·ðUUU Õ»è¿ð ×ð¢ 5 ÕèÁ Ü»æ°Ð ÁðÙ Ùð 8 ÕèÁ Ü»æ°Ð Åæò× Ùð ÁðÙ ·UUUè ÌéÜÙæ ×ð¢ ç·UUUUÌÙð ·UUUU× ÕèÁ Ü»æ°?	3	5	8	10	seeds	seeds	seeds	seeds	8 - 5 = <3>	1	5	8	0	0					wordwindow-stone-green.png	wordwindow-stone-red.png		
en-US	4	2	1	4	"५ कप और ७ प्लेटें हैं। कपों की तुलना में कितनी अधिक प्लेटें हैं?"	5 ·UUUUÂ ¥æñÚ 7 ŒÜðÅð¢ ãñ¢Ð ·UUUUÂô¢ ·UUUè ÌéÜÙæ ×ð¢ ç·UUUUÌÙè ¥çÏ·UUUU ŒÜðÅð¢ ãñ¢?	2	5	9	14	plates	plates	plates	plates	7 - 5 = <2>	1	5	7	0	0					wordwindow-stone-yellow.png	wordwindow-stone-blue.png		
en-US	4	2	2	4	"कामी के कल गणित के होमवर्क के ३ पृष्ठ थे। उसके पास आज गणित के होमवर्क के ९ पृष्ठ हैं। कल की तुलना में कामी के आज और कितने पृष्ठ हैं"	·UUUæ×è ·ðUUU ·UUUUÜ »ç‡æÌ ·ðUUU ãô×ß·üUUU ·ðUUU 3 ÂëD ÍðÐ ©â·ðUUU Âæâ ¥æÁ »ç‡æÌ ·ðUUU ãô×ß·üUUU ·ðUUU 9 ÂëD ãñ¢Ð ·UUUUÜ ·UUUè ÌéÜÙæ ×ð¢ ·UUUæ×è ·ðUUU ¥æÁ ¥æñÚ ç·UUUUÌÙð ÂëD ãñ¢?	3	6	9	12	pages	pages	pages	pages	9 - 3 = <6>	2	3	9	0	0					wordwindow-stone-blue.png	wordwindow-stone-yellow.png		
en-US	4	2	3	4	"आपके पास ७ गुब्बारे हैं और आपके मित्र के पास ५ गुब्बारे हैं। आपके मित्र के मुकाबले आपके पास कितने गुब्बारे ज़्यादा हैं?"	¥æÂ·ðUUU Âæâ 7 »éyÕæÚð ãñ¢ ¥æñÚ ¥æÂ·ðUUU ç×˜æ ·ðUUU Âæâ 5 »éyÕæÚð ãñ¢Ð ¥æÂ·ðUUU ç×˜æ ·ðUUU ×é·UUUæÕÜð ¥æÂ·ðUUU Âæâ ç·UUUUÌÙð »éyÕæÚð ÊØæÎæ ãñ¢?	2	5	7	9	balloons	balloons	balloons	balloons	7 - 5 = <2>	1	7	5	0	0					wordwindow-stone-red.png	wordwindow-stone-blue.png		
en-US	4	2	4	4	"टॉम ने स्कूल के बगीचे में ५ बीज लगाए। जेन ने ८ बीज लगाए। टॉम ने जेन की तुलना में कितने कम बीज लगाए?"	Åæò× Ùð S·êUUUÜ ·ðUUU Õ»è¿ð ×ð¢ 5 ÕèÁ Ü»æ°Ð ÁðÙ Ùð 8 ÕèÁ Ü»æ°Ð Åæò× Ùð ÁðÙ ·UUUè ÌéÜÙæ ×ð¢ ç·UUUUÌÙð ·UUUU× ÕèÁ Ü»æ°?	3	5	8	10	seeds	seeds	seeds	seeds	8 - 5 = <3>	1	5	8	0	0					wordwindow-stone-green.png	wordwindow-stone-red.png		
en-US	4	2	5	4	"६ बीटल और ४ तितलियां हैं। बीटल की तुलना में कितनी कम तितलियां हैं?"	6 ÕèÅÜ ¥æñÚ 4 çÌÌçÜØæ¢ ãñ¢Ð ÕèÅÜ ·UUUè ÌéÜÙæ ×ð¢ ç·UUUUÌÙè ·UUUU× çÌÌçÜØæ¢ ãñ¢?	2	4	6	8	butterflies	butterflies	butterflies	butterflies	6 - 4 = <2>	1	6	4	0	0					wordwindow-stone-red.png	wordwindow-stone-green.png		
en-US	4	3	1	4	"आपके पास ७ गुब्बारे हैं और आपके मित्र के पास ५ गुब्बारे हैं। आपके मित्र के मुकाबले आपके पास कितने गुब्बारे ज़्यादा हैं?"	¥æÂ·ðUUU Âæâ 7 »éyÕæÚð ãñ¢ ¥æñÚ ¥æÂ·ðUUU ç×˜æ ·ðUUU Âæâ 5 »éyÕæÚð ãñ¢Ð ¥æÂ·ðUUU ç×˜æ ·ðUUU ×é·UUUæÕÜð ¥æÂ·ðUUU Âæâ ç·UUUUÌÙð »éyÕæÚð ÊØæÎæ ãñ¢?	2	5	7	9	balloons	balloons	balloons	balloons	7 - 5 = <2>	1	7	5	0	0					wordwindow-stone-red.png	wordwindow-stone-blue.png		
en-US	4	3	2	4	"मारिया ने ३ किताबें पढ़ीं और स्टेसी ने ५ किताबें पढ़ीं। मारिया की तुलना में स्टेसी ने कितनी और किताबें पढ़ीं?"	×æçÚØæ Ùð 3 ç·UUUUÌæÕð¢ ÂÉ¸è¢ ¥æñÚ SÅðâè Ùð 5 ç·UUUUÌæÕð¢ ÂÉ¸è¢Ð ×æçÚØæ ·UUUè ÌéÜÙæ ×ð¢ SÅðâè Ùð ç·UUUUÌÙè ¥æñÚ ç·UUUUÌæÕð¢ ÂÉ¸è¢?	2	3	5	7	books	books	books	books	5 - 3 = <2>	1	3	5	0	0					wordwindow-stone-yellow.png	wordwindow-stone-red.png		
en-US	4	3	3	4	"६ पक्षी और ३ घोंसले हैं। घोंसलों की तुलना में कितने अधिक पक्षी हैं?"	6 Âÿæè ¥æñÚ 3 ƒæô¢âÜð ãñ¢Ð ƒæô¢âÜô¢ ·UUUè ÌéÜÙæ ×ð¢ ç·UUUUÌÙð ¥çÏ·UUUU Âÿæè ãñ¢?	3	6	9	12	birds	birds	birds	birds	6 - 3 = <3>	1	6	3	0	0					wordwindow-stone-blue.png	wordwindow-stone-green.png		
en-US	4	3	4	4	"६ बीटल और ४ तितलियां हैं। बीटल की तुलना में कितनी कम तितलियां हैं?"	6 ÕèÅÜ ¥æñÚ 4 çÌÌçÜØæ¢ ãñ¢Ð ÕèÅÜ ·UUUè ÌéÜÙæ ×ð¢ ç·UUUUÌÙè ·UUUU× çÌÌçÜØæ¢ ãñ¢?	2	4	6	8	butterflies	butterflies	butterflies	butterflies	6 - 4 = <2>	1	6	4	0	0					wordwindow-stone-red.png	wordwindow-stone-green.png		
en-US	4	3	5	4	"सैम ने ७ बिस्कुट और जेन ने २ बिस्कुट  खाए। सैम की तुलना में जेन ने कितने कम बिस्कुट खाए?"	âñ× Ùð 7 çÕS·éUUUÅ ¥æñÚ ÁðÙ Ùð 2 çÕS·éUUUÅ  ¹æ°Ð âñ× ·UUUè ÌéÜÙæ ×ð¢ ÁðÙ Ùð ç·UUUUÌÙð ·UUUU× çÕS·éUUUÅ ¹æ°?	3	5	7	9	biscuits	biscuits	biscuits	biscuits	7 - 2 = <5>	2	7	2	0	0					wordwindow-stone-yellow.png	wordwindow-stone-green.png		
en-US	5	1	1	1	"७ रेड एप्पल और २ ग्रीन एप्पल टोकरी में हैं। टोकरी में कितने एप्पल हैं?"	7 ÚðÇ °ŒÂÜ ¥æñÚ 2 »ýèÙ °ŒÂÜ Åô·UUUUÚè ×ð¢ ãñ¢Ð Åô·UUUUÚè ×ð¢ ç·UUUUÌÙð °ŒÂÜ ãñ¢?	6	7	8	9	apples	apples	apples	apples	7 + 2 = <9>	4	7	2	0	0					wordwindow-stone-red.png	wordwindow-stone-green.png		
en-US	5	1	1	1	"७ रेड एप्पल और २ ग्रीन एप्पल टोकरी में हैं। टोकरी में कितने एप्पल हैं?"	7 ÚðÇ °ŒÂÜ ¥æñÚ 2 »ýèÙ °ŒÂÜ Åô·UUUUÚè ×ð¢ ãñ¢Ð Åô·UUUUÚè ×ð¢ ç·UUUUÌÙð °ŒÂÜ ãñ¢?	6	7	8	9	apples	apples	apples	apples	7 + 2 = <9>	4	7	2	0	0					wordwindow-stone-red.png	wordwindow-stone-green.png		
en-US	5	1	2	1	"स्टैसी ने सुबह ५ मछलियाँ पकड़ीं। उसने दोपहर में ४ और मछलियाँ पकड़ीं। स्टैसी ने कुल कितनी मछली पकड़ीं?"	SÅUñâè Ùð âéÕã 5 ×ÀçÜØæ¡ Â·¤Ç¸è´Ð ©âÙð ÎôÂãÚU ×ð´ 4 ¥õÚU ×ÀçÜØæ¡ Â·¤Ç¸è´Ð SÅUñâè Ùð ·¤éÜ ç·¤ÌÙè ×ÀÜè Â·¤Ç¸è´?	6	7	8	9	fish	fish	fish	fish	5 + 4 = <9>	4	5	4	0	0					wordwindow-stone-red.png	wordwindow-stone-yellow.png		
en-US	5	1	3	1	"अपने जन्मदिन पर काइल को ३ नई शर्ट मिलीं। उसके पास पहले से ही ५ शर्ट थे। अब उसके पास कितनी शर्ट हैं?"	¥ÂÙð Á‹×çÎÙ ÂÚ ·UUUæ§Ü ·UUUUô 3 Ù§ü àæÅü ç×Üè¢Ð ©â·ðUUU Âæâ ÂãÜð âð ãè 5 àæÅü ÍðÐ ¥Õ ©â·ðUUU Âæâ ç·UUUUÌÙè àæÅü ãñ¢?	6	7	8	9	shirts	shirts	shirts	shirts	3 + 5 = <8>	3	3	5	0	0					wordwindow-stone-blue.png	wordwindow-stone-yellow.png		
en-US	5	1	4	1	"हेलेन ने 1 पेड़ में १२ और दूसरे पेड़ में ७ पक्षियों को देखा। उसने कुल कितने पक्षी देखे?"	ãðÜðÙ Ùð 1 ÂðÇ¸ ×ð¢ 12 ¥æñÚ ÎêâÚð ÂðÇ¸ ×ð¢ 7 ÂçÿæØô¢ ·UUUUô Îð¹æÐ ©âÙð ·éUUUÜ ç·UUUUÌÙð Âÿæè Îð¹ð?	17	18	19	20	birds	birds	birds	birds	12 + 7 = <19>	3	12	7	0	0					wordwindow-stone-blue.png	wordwindow-stone-red.png		
en-US	5	1	5	1	"1 पानी की टंकी में १४ मछलियाँ हैं। केरी ने ३ और मछलियाँ टंकी में डालीं। टंकी में कितनी मछलियां हैं?"	1 ÂæÙè ·UUUè Å¢·UUUè ×ð¢ 14 ×ÀçÜØæ¡ ãñ¢Ð ·ðUUUÚè Ùð 3 ¥æñÚ ×ÀçÜØæ¡ Å¢·UUUè ×ð¢ ÇæÜè¢Ð Å¢·UUUè ×ð¢ ç·UUUUÌÙè ×ÀçÜØæ¢ ãñ¢?	14	15	16	17	fish	fish	fish	fish	14 + 3 = <17>	4	14	3	0	0					wordwindow-stone-yellow.png	wordwindow-stone-blue.png		
en-US	5	2	1	1	"टॉम के पास ६ किताबें हैं। जेम्स के पास २ किताबें हैं। उनके पास सभी में कितनी किताबें हैं?"	Åæò× ·ðUUU Âæâ 6 ç·UUUUÌæÕð¢ ãñ¢Ð Áð{â ·ðUUU Âæâ 2 ç·UUUUÌæÕð¢ ãñ¢Ð ©Ù·ðUUU Âæâ âÖè ×ð¢ ç·UUUUÌÙè ç·UUUUÌæÕð¢ ãñ¢?	3	5	7	8	books	books	books	books	6 + 2 = <8>	4	6	2	0	0					wordwindow-stone-yellow.png	wordwindow-stone-green.png		
en-US	5	2	2	1	"जब वह स्कूल में गणित करती है, शेल्बी स्टार स्टिकर कमाती है। कल, शेल्बी ने ४ स्टार कमाए। आज उसने ३ और कमाए। शेल्बी ने सभी में कितने स्टार कमाए?"	ÁÕ ßã S·êUUUÜ ×ð¢ »ç‡æÌ ·UUUUÚÌè ãñ, àæðËÕè SÅæÚ çSÅ·UUUUÚ ·UUUU×æÌè ãñÐ ·UUUUÜ, àæðËÕè Ùð 4 SÅæÚ ·UUUU×æ°Ð ¥æÁ ©âÙð 3 ¥æñÚ ·UUUU×æ°Ð àæðËÕè Ùð âÖè ×ð¢ ç·UUUUÌÙð SÅæÚ ·UUUU×æ°?	6	7	8	9	stars	stars	stars	stars	4 + 3 = <7>	2	4	3	0	0					wordwindow-stone-blue.png	wordwindow-stone-green.png		
en-US	5	2	3	1	"७ रेड एप्पल और २ ग्रीन एप्पल टोकरी में हैं। टोकरी में कितने एप्पल हैं?"	7 ÚðÇ °ŒÂÜ ¥æñÚ 2 »ýèÙ °ŒÂÜ Åô·UUUUÚè ×ð¢ ãñ¢Ð Åô·UUUUÚè ×ð¢ ç·UUUUÌÙð °ŒÂÜ ãñ¢?	6	7	8	9	apples	apples	apples	apples	7 + 2 = <9>	4	7	2	0	0					wordwindow-stone-red.png	wordwindow-stone-green.png		
en-US	5	2	4	1	"1 पानी की टंकी में १४ मछलियाँ हैं। केरी ने ३ और मछलियाँ टंकी में डालीं। टंकी में कितनी मछलियां हैं?"	1 ÂæÙè ·UUUè Å¢·UUUè ×ð¢ 14 ×ÀçÜØæ¡ ãñ¢Ð ·ðUUUÚè Ùð 3 ¥æñÚ ×ÀçÜØæ¡ Å¢·UUUè ×ð¢ ÇæÜè¢Ð Å¢·UUUè ×ð¢ ç·UUUUÌÙè ×ÀçÜØæ¢ ãñ¢?	14	15	16	17	fish	fish	fish	fish	14 + 3 = <17>	4	14	3	0	0					wordwindow-stone-yellow.png	wordwindow-stone-blue.png		
en-US	5	2	5	1	"हेलेन ने 1 पेड़ में १२ और दूसरे पेड़ में ७ पक्षियों को देखा। उसने कुल कितने पक्षी देखे?"	ãðÜðÙ Ùð 1 ÂðÇ¸ ×ð¢ 12 ¥æñÚ ÎêâÚð ÂðÇ¸ ×ð¢ 7 ÂçÿæØô¢ ·UUUUô Îð¹æÐ ©âÙð ·éUUUÜ ç·UUUUÌÙð Âÿæè Îð¹ð?	17	18	19	20	birds	birds	birds	birds	12 + 7 = <19>	3	12	7	0	0					wordwindow-stone-blue.png	wordwindow-stone-red.png		
en-US	6	1	1	4	"हेनरी के पास ४ डाक टिकट हैं। एरिक के पास हेनरी की तुलना में ५ अधिक डाक टिकट हैं। एरिक के पास कितने डाक टिकट हैं?"	ãðÙÚè ·ðUUU Âæâ 4 Çæ·UUUU çÅ·UUUUÅ ãñ¢Ð °çÚ·UUUU ·ðUUU Âæâ ãðÙÚè ·UUUè ÌéÜÙæ ×ð¢ 5 ¥çÏ·UUUU Çæ·UUUU çÅ·UUUUÅ ãñ¢Ð °çÚ·UUUU ·ðUUU Âæâ ç·UUUUÌÙð Çæ·UUUU çÅ·UUUUÅ ãñ¢?	4	5	9	11	stamps	stamps	stamps	stamps	4 + 5 = <9>	3	4	9	0	0					wordwindow-stone-blue.png	wordwindow-stone-green.png		
en-US	6	1	2	4	"पुस्तकालय में स्कूल कार्यालय की तुलना में ५ अधिक टेबल हैं। स्कूल के कार्यालय में २ टेबल हैं। पुस्तकालय में कितने टेबल हैं?"	ÂéSÌ·UUUæÜØ ×ð¢ S·êUUUÜ ·UUUæØæüÜØ ·UUUè ÌéÜÙæ ×ð¢ 5 ¥çÏ·UUUU ÅðÕÜ ãñ¢Ð S·êUUUÜ ·ðUUU ·UUUæØæüÜØ ×ð¢ 2 ÅðÕÜ ãñ¢Ð ÂéSÌ·UUUæÜØ ×ð¢ ç·UUUUÌÙð ÅðÕÜ ãñ¢?	5	7	9	11	tables	tables	tables	tables	2 + 5 = <7>	2	7	2	0	0					wordwindow-stone-green.png	wordwindow-stone-red.png		
en-US	6	1	3	4	"स्कूल में दो खोया-पाया बक्से हैं। पहले बॉक्स में, ५ टोपी हैं। दूसरे बॉक्स में, पहले बॉक्स की तुलना में ४ अधिक टोपी हैं। दूसरे बॉक्स में कितनी टोपियाँ हैं?"	S·êUUUÜ ×ð¢ Îô ¹ôØæ-ÂæØæ Õvâð ãñ¢Ð ÂãÜð Õæòvâ ×ð¢, 5 ÅôÂè ãñ¢Ð ÎêâÚð Õæòvâ ×ð¢, ÂãÜð Õæòvâ ·UUUè ÌéÜÙæ ×ð¢ 4 ¥çÏ·UUUU ÅôÂè ãñ¢Ð ÎêâÚð Õæòvâ ×ð¢ ç·UUUUÌÙè ÅôçÂØæ¡ ãñ¢?	5	9	14	15	hats	hats	hats	hats	5 + 4 = <9>	2	5	9	0	0					wordwindow-stone-yellow.png	wordwindow-stone-red.png		
en-US	6	1	4	4	"खाने की मेज पर १० प्लेटें हैं। प्लेटों की तुलना में ५ अधिक लोग हैं। कुल कितने लोग हैं?"	¹æÙð ·UUUè ×ðÁ ÂÚ 10 ŒÜðÅð¢ ãñ¢Ð ŒÜðÅô¢ ·UUUè ÌéÜÙæ ×ð¢ 5 ¥çÏ·UUUU Üô» ãñ¢Ð ·éUUUÜ ç·UUUUÌÙð Üô» ãñ¢?	10	15	20	25	people	people	people	people	10 + 5 = <15>	2	10	15	0	0					wordwindow-stone-blue.png	wordwindow-stone-red.png		
en-US	6	1	5	4	"सुश्री ब्लूम की कक्षा में १४ कुर्सियाँ हैं। श्री पीटर की कक्षा में ३ और कुर्सियाँ हैं। श्री पीटर की कक्षा में कितनी कुर्सियाँ हैं?"	âéŸæè yÜê× ·UUUè ·UUUUÿææ ×ð¢ 14 ·éUUUçâüØæ¡ ãñ¢Ð Ÿæè ÂèÅÚ ·UUUè ·UUUUÿææ ×ð¢ 3 ¥æñÚ ·éUUUçâüØæ¡ ãñ¢Ð Ÿæè ÂèÅÚ ·UUUè ·UUUUÿææ ×ð¢ ç·UUUUÌÙè ·éUUUçâüØæ¡ ãñ¢?	11	14	17	20	chairs	chairs	chairs	chairs	14 + 3 = <17>	3	14	17	0	0					wordwindow-stone-blue.png	wordwindow-stone-yellow.png		
en-US	6	2	1	4	"थॉमस के खेत में २ बकरियाँ हैं। उसके खेत पर बकरियों की तुलना में ६ अधिक मुर्गियां हैं। उसके पास कितनी मुर्गियां हैं?"	Íæò×â ·ðUUU ¹ðÌ ×ð¢ 2 Õ·UUUUçÚØæ¡ ãñ¢Ð ©â·ðUUU ¹ðÌ ÂÚ Õ·UUUUçÚØô¢ ·UUUè ÌéÜÙæ ×ð¢ 6 ¥çÏ·UUUU ×éç»üØæ¢ ãñ¢Ð ©â·ðUUU Âæâ ç·UUUUÌÙè ×éç»üØæ¢ ãñ¢?	2	6	8	12	chickens	chickens	chickens	chickens	2 + 6 = <8>	3	2	8	0	0					wordwindow-stone-red.png	wordwindow-stone-green.png		
en-US	6	2	2	4	"डीनना के पास फतौ से ५ ज्यादा पहेलियां हैं। फतौ के पास ३ पहेलियां हैं। डीनना के पास कितनी पहेलियां हैं?"	ÇèÙÙæ ·ðUUU Âæâ ÈUUUUÌõ âð 5 ’ØæÎæ ÂãðçÜØæ¢ ãñ¢Ð ÈUUUUÌõ ·ðUUU Âæâ 3 ÂãðçÜØæ¢ ãñ¢Ð ÇèÙÙæ ·ðUUU Âæâ ç·UUUUÌÙè ÂãðçÜØæ¢ ãñ¢?	6	7	8	9	puzzles	puzzles	puzzles	puzzles	3 + 5 = <8>	3	8	3	0	0					wordwindow-stone-yellow.png	wordwindow-stone-green.png		
en-US	6	2	3	4	"बिली के पास २ मार्बल्स हैं। ऑड्रे के पास बिली की तुलना में ३ अधिक मार्बल्स हैं। ऑड्रे के पास कितने मार्बल्स हैं?"	çÕÜè ·ðUUU Âæâ 2 ×æÕüËâ ãñ¢Ð ¥æòÇþð ·ðUUU Âæâ çÕÜè ·UUUè ÌéÜÙæ ×ð¢ 3 ¥çÏ·UUUU ×æÕüËâ ãñ¢Ð ¥æòÇþð ·ðUUU Âæâ ç·UUUUÌÙð ×æÕüËâ ãñ¢?	2	3	5	8	marbles	marbles	marbles	marbles	2 + 3 = <5>	3	2	5	0	0					wordwindow-stone-red.png	wordwindow-stone-blue.png		
en-US	6	2	4	4	"सुश्री ब्लूम की कक्षा में १४ कुर्सियाँ हैं। श्री पीटर की कक्षा में ३ और कुर्सियाँ हैं। श्री पीटर की कक्षा में कितनी कुर्सियाँ हैं?"	âéŸæè yÜê× ·UUUè ·UUUUÿææ ×ð¢ 14 ·éUUUçâüØæ¡ ãñ¢Ð Ÿæè ÂèÅÚ ·UUUè ·UUUUÿææ ×ð¢ 3 ¥æñÚ ·éUUUçâüØæ¡ ãñ¢Ð Ÿæè ÂèÅÚ ·UUUè ·UUUUÿææ ×ð¢ ç·UUUUÌÙè ·éUUUçâüØæ¡ ãñ¢?	11	14	17	20	chairs	chairs	chairs	chairs	14 + 3 = <17>	3	14	17	0	0					wordwindow-stone-blue.png	wordwindow-stone-yellow.png		
en-US	6	2	5	4	"खाने की मेज पर १० प्लेटें हैं। प्लेटों की तुलना में ५ अधिक लोग हैं। कुल कितने लोग हैं?"	¹æÙð ·UUUè ×ðÁ ÂÚ 10 ŒÜðÅð¢ ãñ¢Ð ŒÜðÅô¢ ·UUUè ÌéÜÙæ ×ð¢ 5 ¥çÏ·UUUU Üô» ãñ¢Ð ·éUUUÜ ç·UUUUÌÙð Üô» ãñ¢?	10	15	20	25	people	people	people	people	10 + 5 = <15>	2	10	15	0	0					wordwindow-stone-blue.png	wordwindow-stone-red.png		
en-US	7	1	1	2	"हैना ८ रोटियाँ बनाती है। वह अपने भाई को ३ रोटियाँ देती है। उसके पास कितनी रोटियाँ बची हैं?"	ãñÙæ 8 ÚôçÅØæ¡ ÕÙæÌè ãñÐ ßã ¥ÂÙð Öæ§ü ·UUUUô 3 ÚôçÅØæ¡ ÎðÌè ãñÐ ©â·ðUUU Âæâ ç·UUUUÌÙè ÚôçÅØæ¡ Õ¿è ãñ¢?	8	7	6	5	rotis	rotis	rotis	rotis	8 - 3 = <5>	4	8	3	0	0					wordwindow-stone-yellow.png	wordwindow-stone-blue.png		
en-US	7	1	2	2	"मिल्ली के ९ कंगन हैं। वह उनमें से २ खो देती है। मिल्ली के पास अभ कितने कंगन बचे हैं?"	ç×ËÜè ·ðUUU 9 ·¢UUU»Ù ãñ¢Ð ßã ©Ù×ð¢ âð 2 ¹ô ÎðÌè ãñÐ ç×ËÜè ·ðUUU Âæâ ¥Ö ç·UUUUÌÙð ·¢UUU»Ù Õ¿ð ãñ¢?	9	7	5	3	bracelets	bracelets	bracelets	bracelets	9 - 2 = <7>	2	9	2	0	0					wordwindow-stone-yellow.png	wordwindow-stone-green.png		
en-US	7	1	3	2	"आसमान में ९ पतंगें उड़ रही हैं। 1 हवा ३ पतंगों को जमीन पर गिरा देती है। कितनी पतंगें अभी भी आसमान में उड़ रही हैं?"	¥æâ×æÙ ×ð¢ 9 ÂÌ¢»ð¢ ©Ç¸ Úãè ãñ¢Ð 1 ãßæ 3 ÂÌ¢»ô¢ ·UUUUô Á×èÙ ÂÚ ç»Úæ ÎðÌè ãñÐ ç·UUUUÌÙè ÂÌ¢»ð¢ ¥Öè Öè ¥æâ×æÙ ×ð¢ ©Ç¸ Úãè ãñ¢?	5	6	7	8	kites	kites	kites	kites	9 - 3 = <6>	2	9	3	0	0					wordwindow-stone-blue.png	wordwindow-stone-yellow.png		
en-US	7	1	4	2	"1 किसान ने १६ अंडे इकट्ठे किए। नाश्ता बनाने के लिए उसने ४ अंडों का इस्तेमाल किया। उसके पास कितने अंडे बचे हैं?"	1 ç·UUUUâæÙ Ùð 16 ¥¢Çð §·UUUU_ð ç·UUUU°Ð ÙæàÌæ ÕÙæÙð ·ðUUU çÜ° ©âÙð 4 ¥¢Çô¢ ·UUUæ §SÌð×æÜ ç·UUUUØæÐ ©â·ðUUU Âæâ ç·UUUUÌÙð ¥¢Çð Õ¿ð ãñ¢?	11	12	13	14	eggs	eggs	eggs	eggs	16 - 4 = <12>	2	16	4	0	0					wordwindow-stone-green.png	wordwindow-stone-red.png		
en-US	7	1	5	2	"1 बाड़ पर १२ बिल्लियाँ हैं। १ बिल्ली बाड़ से नीचे कूदती है। अब कितनी बिल्लियाँ बाड़ पर हैं?"	1 ÕæÇ¸ ÂÚ 12 çÕçËÜØæ¡ ãñ¢Ð 1 çÕËÜè ÕæÇ¸ âð Ùè¿ð ·êUUUÎÌè ãñÐ ¥Õ ç·UUUUÌÙè çÕçËÜØæ¡ ÕæÇ¸ ÂÚ ãñ¢?	11	12	13	14	cats	cats	cats	cats	12 - 1 = <11>	1	12	1	0	0					wordwindow-stone-blue.png	wordwindow-stone-red.png		
en-US	7	2	1	2	"लूसी के पास ८ पेंसिल हैं। वह उनमें से ७ को खो देती है। लूसी के आपस अभ कितनी पेंसिल बची हैं?"	Üêâè ·ðUUU Âæâ 8 Âð¢çâÜ ãñ¢Ð ßã ©Ù×ð¢ âð 7 ·UUUUô ¹ô ÎðÌè ãñÐ Üêâè ·ðUUU ¥æÂâ ¥Ö ç·UUUUÌÙè Âð¢çâÜ Õ¿è ãñ¢?	1	2	3	4	pencil	pencils	pencils	pencils	8 - 7 = <1>	1	8	7	0	0					wordwindow-stone-red.png	wordwindow-stone-green.png		
en-US	7	2	2	2	"आसमान में ९ पतंगें उड़ रही हैं। 1 हवा ३ पतंगों को जमीन पर गिरा देती है। कितनी पतंगें अभी भी आसमान में उड़ रही हैं?"	¥æâ×æÙ ×ð¢ 9 ÂÌ¢»ð¢ ©Ç¸ Úãè ãñ¢Ð 1 ãßæ 3 ÂÌ¢»ô¢ ·UUUUô Á×èÙ ÂÚ ç»Úæ ÎðÌè ãñÐ ç·UUUUÌÙè ÂÌ¢»ð¢ ¥Öè Öè ¥æâ×æÙ ×ð¢ ©Ç¸ Úãè ãñ¢?	5	6	7	8	kites	kites	kites	kites	9 - 3 = <6>	2	9	3	0	0					wordwindow-stone-blue.png	wordwindow-stone-yellow.png		
en-US	7	2	3	2	"एना के पास ७ बिस्कुट हैं। वह उनमें से २ खाती है। उसके पास कितनी बिस्कुट बची हैं?"	°Ùæ ·Ô¤ Âæâ 7 çÕS·¤éÅU ãñ´Ð ßã ©Ù×ð´ âð 2 ¹æÌè ãñÐ ©â·Ô¤ Âæâ ç·¤ÌÙè çÕS·¤éÅU Õ¿è ãñ´?	3	4	5	6	biscuits	biscuits	biscuits	biscuits	7 - 2 = <5>	3	7	2	0	0					wordwindow-stone-red.png	wordwindow-stone-blue.png		
en-US	7	2	4	2	"1 बाड़ पर १२ बिल्लियाँ हैं। १ बिल्ली बाड़ से नीचे कूदती है। अब कितनी बिल्लियाँ बाड़ पर हैं?"	1 ÕæÇ¸ ÂÚ 12 çÕçËÜØæ¡ ãñ¢Ð 1 çÕËÜè ÕæÇ¸ âð Ùè¿ð ·êUUUÎÌè ãñÐ ¥Õ ç·UUUUÌÙè çÕçËÜØæ¡ ÕæÇ¸ ÂÚ ãñ¢?	11	12	13	14	cats	cats	cats	cats	12 - 1 = <11>	1	12	1	0	0					wordwindow-stone-blue.png	wordwindow-stone-red.png		
en-US	7	2	5	2	"1 किसान ने १६ अंडे इकट्ठे किए। नाश्ता बनाने के लिए उसने ४ अंडों का इस्तेमाल किया। उसके पास कितने अंडे बचे हैं?"	1 ç·UUUUâæÙ Ùð 16 ¥¢Çð §·UUUU_ð ç·UUUU°Ð ÙæàÌæ ÕÙæÙð ·ðUUU çÜ° ©âÙð 4 ¥¢Çô¢ ·UUUæ §SÌð×æÜ ç·UUUUØæÐ ©â·ðUUU Âæâ ç·UUUUÌÙð ¥¢Çð Õ¿ð ãñ¢?	11	12	13	14	eggs	eggs	eggs	eggs	16 - 4 = <12>	2	16	4	0	0					wordwindow-stone-green.png	wordwindow-stone-red.png		
en-US	8	1	1	5	"जेन और जो के ५ बच्चे हैं। उनमें से २ बेटे हैं। उनकी कितनी बेटियाँ हैं?"	ÁðÙ ¥æñÚ Áô ·ðUUU 5 Õ‘¿ð ãñ¢Ð ©Ù×ð¢ âð 2 ÕðÅð ãñ¢Ð ©Ù·UUUè ç·UUUUÌÙè ÕðçÅØæ¡ ãñ¢?	2	3	4	5	daughters	daughters	daughters	daughters	5 = 2 + <3>	2	2	3	0	0					wordwindow-stone-blue.png	wordwindow-stone-green.png		
en-US	8	1	2	5	"ब्रिटनी की अलमारी में ७ शर्ट हैं। उनमें से ३ नीले हैं और बाकी हरे हैं। उसके पास कितनी हरी शर्ट है?"	çÕýÅÙè ·UUUè ¥Ü×æÚè ×ð¢ 7 àæÅü ãñ¢Ð ©Ù×ð¢ âð 3 ÙèÜð ãñ¢ ¥æñÚ Õæ·UUUè ãÚð ãñ¢Ð ©â·ðUUU Âæâ ç·UUUUÌÙè ãÚè àæÅü ãñ?	3	4	5	6	green shirts	green shirts	green shirts	green shirts	7 = 3 + <4>	2	3	4	0	0					wordwindow-stone-blue.png	wordwindow-stone-green.png		
en-US	8	1	3	5	"1 कक्षा में ९ बच्चे हैं। उनमें से ६ लडक़े हैं। कक्षा में कितनी लड़कियाँ हैं?"	1 ·UUUUÿææ ×ð¢ 9 Õ‘¿ð ãñ¢Ð ©Ù×ð¢ âð 6 ÜÇ¸·ðUUU ãñ¢Ð ·UUUUÿææ ×ð¢ ç·UUUUÌÙè ÜÇ¸ç·UUUUØæ¡ ãñ¢?	3	6	9	12	girls	girls	girls	girls	9 = 6 + <3>	1	6	3	0	0					wordwindow-stone-red.png	wordwindow-stone-yellow.png		
en-US	8	1	4	5	"हार्पर और रेवेन ने 1 साथ ८ तस्वीरें खींचीं। हार्पर ने ३ तस्वीरें खींचे। रेवेन ने कितने तस्वीरें खींचे?"	ãæÂüÚ ¥æñÚ ÚðßðÙ Ùð 1 âæÍ 8 ÌSßèÚð¢ ¹è¢¿è¢Ð ãæÂüÚ Ùð 3 ÌSßèÚð¢ ¹è¢¿ðÐ ÚðßðÙ Ùð ç·UUUUÌÙð ÌSßèÚð¢ ¹è¢¿ð?	3	5	8	11	pictures	pictures	pictures	pictures	8 = 3 + <5>	2	3	5	0	0					wordwindow-stone-blue.png	wordwindow-stone-yellow.png		
en-US	8	1	5	5	"केटी और उसके भाई ने ६ आमों को उठाया। केटी ने ४ आम उठाए। उसके भाई ने कितने आम उठाए?"	·ðUUUÅè ¥æñÚ ©â·ðUUU Öæ§ü Ùð 6 ¥æ×ô¢ ·UUUUô ©ÆæØæÐ ·ðUUUÅè Ùð 4 ¥æ× ©Ææ°Ð ©â·ðUUU Öæ§ü Ùð ç·UUUUÌÙð ¥æ× ©Ææ°?	2	4	6	8	mangoes	mangoes	mangoes	mangoes	6 = 4 + <2>	1	4	2	0	0					wordwindow-stone-red.png	wordwindow-stone-green.png		
en-US	8	2	1	5	"जेन के पास ९ गुब्बारे हैं। ६ ग्रीन  हैं और बाकी ब्लू हैं। ब्लू  गुब्बारे कितने हैं?"	ÁðÙ ·ðUUU Âæâ 9 »éyÕæÚð ãñ¢Ð 6 »ýèÙ  ãñ¢ ¥æñÚ Õæ·UUUè yÜê ãñ¢Ð yÜê  »éyÕæÚð ç·UUUUÌÙð ãñ¢?	2	3	4	5	balloons	balloons	balloons	balloons	9 = 6 + <3>	2	6	3	0	0					wordwindow-stone-green.png	wordwindow-stone-blue.png		
en-US	8	2	2	5	"केटी और उसके भाई ने ६ आमों को उठाया। केटी ने ४ आम उठाए। उसके भाई ने कितने आम उठाए?"	·ðUUUÅè ¥æñÚ ©â·ðUUU Öæ§ü Ùð 6 ¥æ×ô¢ ·UUUUô ©ÆæØæÐ ·ðUUUÅè Ùð 4 ¥æ× ©Ææ°Ð ©â·ðUUU Öæ§ü Ùð ç·UUUUÌÙð ¥æ× ©Ææ°?	2	4	6	8	mangoes	mangoes	mangoes	mangoes	6 = 4 + <2>	1	4	2	0	0					wordwindow-stone-red.png	wordwindow-stone-green.png		
en-US	8	2	3	5	"माइकल की बिल्ली के ९ बच्चे थे। उनमें से ५ वाइट हैं और बाकी ग्रे हैं। बिल्ली के कितने ग्रे बच्चे थे?"	×æ§·UUUUÜ ·UUUè çÕËÜè ·ðUUU 9 Õ‘¿ð ÍðÐ ©Ù×ð¢ âð 5 ßæ§Å ãñ¢ ¥æñÚ Õæ·UUUè »ýð ãñ¢Ð çÕËÜè ·ðUUU ç·UUUUÌÙð »ýð Õ‘¿ð Íð?	2	4	7	9	kittens	kittens	kittens	kittens	9 = 5 + <4>	2	5	4	0	0					wordwindow-stone-blue.png	wordwindow-stone-red.png		
en-US	8	2	4	5	"सुश्री जोन्स ने चीनी के ८ बैग का आदेश दिया। ५ बैग आज वितरित किए गए हैं। बाकी कल पहुंचाए जाएंगे। कल चीनी के कितने बैग वितरित किए जाएंगे?"	âéŸæè Áô‹â Ùð ¿èÙè ·ðUUU 8 Õñ» ·UUUæ ¥æÎðàæ çÎØæÐ 5 Õñ» ¥æÁ çßÌçÚÌ ç·UUUU° »° ãñ¢Ð Õæ·UUUè ·UUUUÜ Âãé¢¿æ° Áæ°¢»ðÐ ·UUUUÜ ¿èÙè ·ðUUU ç·UUUUÌÙð Õñ» çßÌçÚÌ ç·UUUU° Áæ°¢»ð?	2	3	5	8	bags	bags	bags	bags	8 = 5 + <3>	2	5	3	0	0					wordwindow-stone-red.png	wordwindow-stone-blue.png		
en-US	8	2	5	5	"जेन और जो के ५ बच्चे हैं। उनमें से २ बेटे हैं। उनकी कितनी बेटियाँ हैं?"	ÁðÙ ¥æñÚ Áô ·ðUUU 5 Õ‘¿ð ãñ¢Ð ©Ù×ð¢ âð 2 ÕðÅð ãñ¢Ð ©Ù·UUUè ç·UUUUÌÙè ÕðçÅØæ¡ ãñ¢?	2	3	4	5	daughters	daughters	daughters	daughters	5 = 2 + <3>	2	2	3	0	0					wordwindow-stone-blue.png	wordwindow-stone-green.png		
en-US	8	3	1	5	"1 बॉक्स में ४ गेंदें हैं। उनमें से २ सॉकर बॉल हैं और बाकी बास्केट बॉल हैं। बास्केटबाल कितने हैं?"	1 Õæòvâ ×ð¢ 4 »ð¢Îð¢ ãñ¢Ð ©Ù×ð¢ âð 2 âæò·UUUUÚ ÕæòÜ ãñ¢ ¥æñÚ Õæ·UUUè ÕæS·ðUUUÅ ÕæòÜ ãñ¢Ð ÕæS·ðUUUÅÕæÜ ç·UUUUÌÙð ãñ¢?	2	4	6	8	basketballs	basketballs	basketballs	basketballs	4 = 2 + <2>	1	2	2	0	0					wordwindow-stone-yellow.png	wordwindow-stone-green.png		
en-US	8	3	2	5	"अनीता के पास ५ किताबें हैं। उनमें से ३ विज्ञान की किताबें हैं और बाकी स्टोरीबुक हैं। स्टोरीबुक कितने हैं?"	¥ÙèÌæ ·ðUUU Âæâ 5 ç·UUUUÌæÕð¢ ãñ¢Ð ©Ù×ð¢ âð 3 çß™ææÙ ·UUUè ç·UUUUÌæÕð¢ ãñ¢ ¥æñÚ Õæ·UUUè SÅôÚèÕé·UUUU ãñ¢Ð SÅôÚèÕé·UUUU ç·UUUUÌÙð ãñ¢?	2	3	4	5	storybooks	storybooks	storybooks	storybooks	5 = 3 + <2>	1	3	2	0	0					wordwindow-stone-yellow.png	wordwindow-stone-red.png		
en-US	8	3	3	5	"हार्पर और रेवेन ने 1 साथ ८ तस्वीरें खींचीं। हार्पर ने ३ तस्वीरें खींचे। रेवेन ने कितने तस्वीरें खींचे?"	ãæÂüÚ ¥æñÚ ÚðßðÙ Ùð 1 âæÍ 8 ÌSßèÚð¢ ¹è¢¿è¢Ð ãæÂüÚ Ùð 3 ÌSßèÚð¢ ¹è¢¿ðÐ ÚðßðÙ Ùð ç·UUUUÌÙð ÌSßèÚð¢ ¹è¢¿ð?	3	5	8	11	pictures	pictures	pictures	pictures	8 = 3 + <5>	2	3	5	0	0					wordwindow-stone-blue.png	wordwindow-stone-yellow.png		
en-US	8	3	4	5	"ब्रिटनी की अलमारी में ७ शर्ट हैं। उनमें से ३ नीले हैं और बाकी हरे हैं। उसके पास कितनी हरी शर्ट है?"	çÕýÅÙè ·UUUè ¥Ü×æÚè ×ð¢ 7 àæÅü ãñ¢Ð ©Ù×ð¢ âð 3 ÙèÜð ãñ¢ ¥æñÚ Õæ·UUUè ãÚð ãñ¢Ð ©â·ðUUU Âæâ ç·UUUUÌÙè ãÚè àæÅü ãñ?	3	4	5	6	green shirts	green shirts	green shirts	green shirts	7 = 3 + <4>	2	3	4	0	0					wordwindow-stone-blue.png	wordwindow-stone-green.png		
en-US	8	3	5	5	"सुश्री जोन्स ने चीनी के ८ बैग का आदेश दिया। ५ बैग आज वितरित किए गए हैं। बाकी कल पहुंचाए जाएंगे। कल चीनी के कितने बैग वितरित किए जाएंगे?"	âéŸæè Áô‹â Ùð ¿èÙè ·ðUUU 8 Õñ» ·UUUæ ¥æÎðàæ çÎØæÐ 5 Õñ» ¥æÁ çßÌçÚÌ ç·UUUU° »° ãñ¢Ð Õæ·UUUè ·UUUUÜ Âãé¢¿æ° Áæ°¢»ðÐ ·UUUUÜ ¿èÙè ·ðUUU ç·UUUUÌÙð Õñ» çßÌçÚÌ ç·UUUU° Áæ°¢»ð?	2	3	5	8	bags	bags	bags	bags	8 = 5 + <3>	2	5	3	0	0					wordwindow-stone-red.png	wordwindow-stone-blue.png		
en-US	9	1	1	6	"पीटर के पास ४ मार्बल्स हैं। सू ने पीटर को कुछ और मार्बल्स दिए और अब उसके पास कुल ६ मार्बल्स हैं। सू ने पीटर को कितने मार्बल्स दिए?"	ÂèÅÚ ·ðUUU Âæâ 4 ×æÕüËâ ãñ¢Ð âê Ùð ÂèÅÚ ·UUUUô ·éUUUÀ ¥æñÚ ×æÕüËâ çÎ° ¥æñÚ ¥Õ ©â·ðUUU Âæâ ·éUUUÜ 6 ×æÕüËâ ãñ¢Ð âê Ùð ÂèÅÚ ·UUUUô ç·UUUUÌÙð ×æÕüËâ çÎ°?	2	3	4	5	marbles	marbles	marbles	marbles	4 + <2>= 6	1					4	2	+	B	wordwindow-stone-red.png	wordwindow-stone-blue.png		
en-US	9	1	2	6	"लंच से पहले पीटर ने अपनी किताब के ६ पेज पढ़े। लंच के बाद उसने कुछ और पढ़ा। यदि पीटर ने सभी में ९ पेज पढ़े, तो लंच के बाद उसने कितने पेज पढ़े?"	Ü¢¿ âð ÂãÜð ÂèÅÚ Ùð ¥ÂÙè ç·UUUUÌæÕ ·ðUUU 6 ÂðÁ ÂÉ¸ðÐ Ü¢¿ ·ðUUU ÕæÎ ©âÙð ·éUUUÀ ¥æñÚ ÂÉ¸æÐ ØçÎ ÂèÅÚ Ùð âÖè ×ð¢ 9 ÂðÁ ÂÉ¸ð, Ìô Ü¢¿ ·ðUUU ÕæÎ ©âÙð ç·UUUUÌÙð ÂðÁ ÂÉ¸ð?	3	6	9	12	pages	pages	pages	pages	6 + <3> = 9	1					6	3	+	B	wordwindow-stone-yellow.png	wordwindow-stone-red.png		
en-US	9	1	3	6	"जॉर्ज ने 1 स्टोर में जाकर कुछ टी-शर्ट खरीदीं। वह दूसरे स्टोर में गया और २ और टी-शर्ट खरीदे। उसने कुल ७ टी-शर्ट खरीदीं। उसने पहली दुकान पर कितनी टी-शर्ट खरीदीं"	ÁæòÁü Ùð 1 SÅôÚ ×ð¢ Áæ·UUUUÚ ·éUUUÀ Åè-àæÅü ¹ÚèÎè¢Ð ßã ÎêâÚð SÅôÚ ×ð¢ »Øæ ¥æñÚ 2 ¥æñÚ Åè-àæÅü ¹ÚèÎðÐ ©âÙð ·éUUUÜ 7 Åè-àæÅü ¹ÚèÎè¢Ð ©âÙð ÂãÜè Îé·UUUæÙ ÂÚ ç·UUUUÌÙè Åè-àæÅü ¹ÚèÎè¢?	3	5	7	9	t-shirts	t-shirts	t-shirts	t-shirts	<5> + 2 = 7	2					5	2	+	A	wordwindow-stone-blue.png	wordwindow-stone-yellow.png		
en-US	9	1	4	6	"केली ने अपने घर के सामने ४ बिल्लियाँ देखीं। वह सोने चली गई और जब वह सोकर उठी तो उसके घर के सामने ७ बिल्लियाँ थीं। सोते समय उसके घर में कितनी बिल्लियाँ आईं?"	·ðUUUÜè Ùð ¥ÂÙð ƒæÚ ·ðUUU âæ×Ùð 4 çÕçËÜØæ¡ Îð¹è¢Ð ßã âôÙð ¿Üè »§ü ¥æñÚ ÁÕ ßã âô·UUUUÚ ©Æè Ìô ©â·ðUUU ƒæÚ ·ðUUU âæ×Ùð 7 çÕçËÜØæ¡ Íè¢Ð âôÌð â×Ø ©â·ðUUU ƒæÚ ×ð¢ ç·UUUUÌÙè çÕçËÜØæ¡ ¥æ§ü¢?	2	3	4	5	cats	cats	cats	cats	4 + <3> = 7	2					4	3	+	B	wordwindow-stone-blue.png	wordwindow-stone-red.png		
en-US	9	1	5	6	"आपके पास कुछ टिकटें हैं। आपका भाई आपको ६ टिकट देता है। अब आपके पास १० टिकट हैं। आपके पास पहले से  कितने टिकटें थी?"	¥æÂ·ðUUU Âæâ ·éUUUÀ çÅ·UUUUÅð¢ ãñ¢Ð ¥æÂ·UUUæ Öæ§ü ¥æÂ·UUUUô 6 çÅ·UUUUÅ ÎðÌæ ãñÐ ¥Õ ¥æÂ·ðUUU Âæâ 10 çÅ·UUUUÅ ãñ¢Ð ¥æÂ·ðUUU Âæâ ÂãÜð âð  ç·UUUUÌÙð çÅ·UUUUÅð¢ Íè?	2	4	6	8	stamps	stamps	stamps	stamps	<4>+ 6 = 10	2					4	6	+	A	wordwindow-stone-red.png	wordwindow-stone-yellow.png		
en-US	9	2	1	6	"टेस ने सुबह ३ फूल उठाए। उसने दोपहर में कुछ और फूल उठाए। यदि टेस ने सभी में ८ फूल उठाए, तो उसने दोपहर में कितने उठाए?"	Åðâ Ùð âéÕã 3 ÈêUUUÜ ©Ææ°Ð ©âÙð ÎôÂãÚ ×ð¢ ·éUUUÀ ¥æñÚ ÈêUUUÜ ©Ææ°Ð ØçÎ Åðâ Ùð âÖè ×ð¢ 8 ÈêUUUÜ ©Ææ°, Ìô ©âÙð ÎôÂãÚ ×ð¢ ç·UUUUÌÙð ©Ææ°?	2	4	5	8	flowers	flowers	flowers	flowers	3 + <5> = 8	3					3	5	+	B	wordwindow-stone-blue.png	wordwindow-stone-green.png		
en-US	9	2	2	6	"ली ने अपने घर के सामने ४ बिल्लियाँ देखीं। वह सोने चली गई और जब वह सोकर उठी तो उसके घर के सामने ७ बिल्लियाँ थीं। सोते समय उसके घर में कितनी बिल्लियाँ आईं?"	·ðUUUÜè Ùð ¥ÂÙð ƒæÚ ·ðUUU âæ×Ùð 4 çÕçËÜØæ¡ Îð¹è¢Ð ßã âôÙð ¿Üè »§ü ¥æñÚ ÁÕ ßã âô·UUUUÚ ©Æè Ìô ©â·ðUUU ƒæÚ ·ðUUU âæ×Ùð 7 çÕçËÜØæ¡ Íè¢Ð âôÌð â×Ø ©â·ðUUU ƒæÚ ×ð¢ ç·UUUUÌÙè çÕçËÜØæ¡ ¥æ§ü¢?	2	3	4	5	cats	cats	cats	cats	4 + <3> = 7	2					4	3	+	B	wordwindow-stone-blue.png	wordwindow-stone-red.png		
en-US	9	2	3	6	"मेगन की पेल में कुछ शंख थीं। वह २ और शंख पाती है। अब उसके पास कुल ८ शंख हैं। उसके पास पहले से कितने शंख थे?"	×ð»Ù ·UUUè ÂðÜ ×ð¢ ·éUUUÀ àæ¢¹ Íè¢Ð ßã 2 ¥æñÚ àæ¢¹ ÂæÌè ãñÐ ¥Õ ©â·ðUUU Âæâ ·éUUUÜ 8 àæ¢¹ ãñ¢Ð ©â·ðUUU Âæâ ÂãÜð âð ç·UUUUÌÙð àæ¢¹ Íð?	2	4	6	8	seashells	seashells	seashells	seashells	<6> + 2 = 8	3					6	2	+	A	wordwindow-stone-red.png	wordwindow-stone-green.png		
en-US	9	2	4	6	"जॉर्ज ने 1 स्टोर में जाकर कुछ टी-शर्ट खरीदीं। वह दूसरे स्टोर में गया और २ और टी-शर्ट खरीदे। उसने कुल ७ टी-शर्ट खरीदीं। उसने पहली दुकान पर कितनी टी-शर्ट खरीदीं"	ÁæòÁü Ùð 1 SÅôÚ ×ð¢ Áæ·UUUUÚ ·éUUUÀ Åè-àæÅü ¹ÚèÎè¢Ð ßã ÎêâÚð SÅôÚ ×ð¢ »Øæ ¥æñÚ 2 ¥æñÚ Åè-àæÅü ¹ÚèÎðÐ ©âÙð ·éUUUÜ 7 Åè-àæÅü ¹ÚèÎè¢Ð ©âÙð ÂãÜè Îé·UUUæÙ ÂÚ ç·UUUUÌÙè Åè-àæÅü ¹ÚèÎè¢?	3	5	7	9	t-shirts	t-shirts	t-shirts	t-shirts	<5> + 2 = 7	2					5	2	+	A	wordwindow-stone-blue.png	wordwindow-stone-yellow.png		
en-US	9	2	5	6	"1 किसान के पास ७ एप्पल के पेड़ थे। उसने कुछ और पेड़ खरीदे और अब उसके बाग में १० एप्पल के पेड़ हैं। उसने कितने एप्पल के पेड़ खरीदे?"	1 ç·UUUUâæÙ ·ðUUU Âæâ 7 °ŒÂÜ ·ðUUU ÂðÇ¸ ÍðÐ ©âÙð ·éUUUÀ ¥æñÚ ÂðÇ¸ ¹ÚèÎð ¥æñÚ ¥Õ ©â·ðUUU Õæ» ×ð¢ 10 °ŒÂÜ ·ðUUU ÂðÇ¸ ãñ¢Ð ©âÙð ç·UUUUÌÙð °ŒÂÜ ·ðUUU ÂðÇ¸ ¹ÚèÎð?	2	3	4	5	trees	trees	trees	trees	7 + <3> = 10	2					7	3	+	B	wordwindow-stone-yellow.png	wordwindow-stone-blue.png		
en-US	9	3	1	6	"1 फुटबॉल टीम ने पहले हाफ में ३ गोल किए। फिर उन्होंने दूसरे हाफ में अधिक गोल किए। उन्होंने ५ गोल से गेम जीता! दूसरे हाफ में उन्होंने कितने गोल किए?"	1 ÈéUUUÅÕæòÜ Åè× Ùð ÂãÜð ãæÈUUUU ×ð¢ 3 »ôÜ ç·UUUU°Ð çÈUUUUÚ ©‹ãô¢Ùð ÎêâÚð ãæÈUUUU ×ð¢ ¥çÏ·UUUU »ôÜ ç·UUUU°Ð ©‹ãô¢Ùð 5 »ôÜ âð »ð× ÁèÌæ! ÎêâÚð ãæÈUUUU ×ð¢ ©‹ãô¢Ùð ç·UUUUÌÙð »ôÜ ç·UUUU°?	2	5	8	10	goals	goals	goals	goals	3 + <2> = 5	1					3	2	+	B	wordwindow-stone-yellow.png	wordwindow-stone-green.png		
en-US	9	3	2	6	"पीटर के पास ४ मार्बल्स हैं। सू ने पीटर को कुछ और मार्बल्स दिए और अब उसके पास कुल ६ मार्बल्स हैं। सू ने पीटर को कितने मार्बल्स दिए?"	ÂèÅÚ ·ðUUU Âæâ 4 ×æÕüËâ ãñ¢Ð âê Ùð ÂèÅÚ ·UUUUô ·éUUUÀ ¥æñÚ ×æÕüËâ çÎ° ¥æñÚ ¥Õ ©â·ðUUU Âæâ ·éUUUÜ 6 ×æÕüËâ ãñ¢Ð âê Ùð ÂèÅÚ ·UUUUô ç·UUUUÌÙð ×æÕüËâ çÎ°?	2	3	4	5	marbles	marbles	marbles	marbles	4 + <2>= 6	1					4	2	+	B	wordwindow-stone-red.png	wordwindow-stone-blue.png		
en-US	9	3	3	6	"जॉर्ज ने 1 स्टोर में जाकर कुछ टी-शर्ट खरीदीं। वह दूसरे स्टोर में गया और २ और टी-शर्ट खरीदे। उसने कुल ७ टी-शर्ट खरीदीं। उसने पहली दुकान पर कितनी टी-शर्ट खरीदीं?"	ÁæòÁü Ùð 1 SÅôÚ ×ð¢ Áæ·UUUUÚ ·éUUUÀ Åè-àæÅü ¹ÚèÎè¢Ð ßã ÎêâÚð SÅôÚ ×ð¢ »Øæ ¥æñÚ 2 ¥æñÚ Åè-àæÅü ¹ÚèÎðÐ ©âÙð ·éUUUÜ 7 Åè-àæÅü ¹ÚèÎè¢Ð ©âÙð ÂãÜè Îé·UUUæÙ ÂÚ ç·UUUUÌÙè Åè-àæÅü ¹ÚèÎè¢?	3	5	7	9	t-shirts	t-shirts	t-shirts	t-shirts	<5> + 2 = 7	2					5	2	+	A	wordwindow-stone-blue.png	wordwindow-stone-yellow.png		
en-US	9	3	4	6	"लंच से पहले पीटर ने अपनी किताब के ६ पेज पढ़े। लंच के बाद उसने कुछ और पढ़ा। यदि पीटर ने सभी में ९ पेज पढ़े, तो लंच के बाद उसने कितने पेज पढ़े?"	Ü¢¿ âð ÂãÜð ÂèÅÚ Ùð ¥ÂÙè ç·UUUUÌæÕ ·ðUUU 6 ÂðÁ ÂÉ¸ðÐ Ü¢¿ ·ðUUU ÕæÎ ©âÙð ·éUUUÀ ¥æñÚ ÂÉ¸æÐ ØçÎ ÂèÅÚ Ùð âÖè ×ð¢ 9 ÂðÁ ÂÉ¸ð, Ìô Ü¢¿ ·ðUUU ÕæÎ ©âÙð ç·UUUUÌÙð ÂðÁ ÂÉ¸ð?	3	6	9	12	pages	pages	pages	pages	6 + <3> = 9	1					6	3	+	B	wordwindow-stone-yellow.png	wordwindow-stone-red.png		
en-US	9	3	5	6	"1 जार में कुछ झींगुर होते हैं। आप ५ और झींगुर लेते हैं और अब सभी में १० झींगुर हैं। आपने कितने झींगुर लिए हैं?"	1 ÁæÚ ×ð¢ ·éUUUÀ Ûæè¢»éÚ ãôÌð ãñ¢Ð ¥æÂ 5 ¥æñÚ Ûæè¢»éÚ ÜðÌð ãñ¢ ¥æñÚ ¥Õ âÖè ×ð¢ 10 Ûæè¢»éÚ ãñ¢Ð ¥æÂÙð ç·UUUUÌÙð Ûæè¢»éÚ çÜ° ãñ¢?	2	3	4	5	crickets	crickets	crickets	crickets	<5> + 5 = 10	4					5	5	+	A	wordwindow-stone-green.png	wordwindow-stone-red.png		
en-US	10	1	1	6	"जेन ने अपने परिवार के लिए ६ सैंडविच बनाए। उसके परिवार ने कुछ खाया और २ बचे थे। उसके परिवार ने कितने सैंडविच खाए?"	ÁðÙ Ùð ¥ÂÙð ÂçÚßæÚ ·ðUUU çÜ° 6 âñ¢Ççß¿ ÕÙæ°Ð ©â·ðUUU ÂçÚßæÚ Ùð ·éUUUÀ ¹æØæ ¥æñÚ 2 Õ¿ð ÍðÐ ©â·ðUUU ÂçÚßæÚ Ùð ç·UUUUÌÙð âñ¢Ççß¿ ¹æ°?	2	4	6	8	sandwiches	sandwiches	sandwiches	sandwiches	6 - <4> = 2	2					6	4	-	B	wordwindow-stone-blue.png	wordwindow-stone-red.png		
en-US	10	1	2	6	"७ लडक़े अपनी बाइक चलाते हैं। कुछ लडक़े घर जाते हैं। ५ लडक़े अपनी बाइक चलाना जारी रखते हैं। कितने लडक़े घर गए?"	7 ÜÇ¸·ðUUU ¥ÂÙè Õæ§·UUUU ¿ÜæÌð ãñ¢Ð ·éUUUÀ ÜÇ¸·ðUUU ƒæÚ ÁæÌð ãñ¢Ð 5 ÜÇ¸·ðUUU ¥ÂÙè Õæ§·UUUU ¿ÜæÙæ ÁæÚè Ú¹Ìð ãñ¢Ð ç·UUUUÌÙð ÜÇ¸·ðUUU ƒæÚ »°?	2	5	7	10	boys	boys	boys	boys	7 - <2> = 5	1					7	2	-	B	wordwindow-stone-yellow.png	wordwindow-stone-red.png		
en-US	10	1	3	6	"डेविड और उसके दोस्त ९ पतंग उड़ाते हैं। कुछ पतंग 1 पेड़ में फंस जाती हैं। ६ पतंगें अभी भी उड़ रही हैं। पेड़ में कितनी पतंगें अटकी हैं?"	ÇðçßÇ ¥æñÚ ©â·ðUUU ÎôSÌ 9 ÂÌ¢» ©Ç¸æÌð ãñ¢Ð ·éUUUÀ ÂÌ¢» 1 ÂðÇ¸ ×ð¢ È¢UUUâ ÁæÌè ãñ¢Ð 6 ÂÌ¢»ð¢ ¥Öè Öè ©Ç¸ Úãè ãñ¢Ð ÂðÇ¸ ×ð¢ ç·UUUUÌÙè ÂÌ¢»ð¢ ¥Å·UUUè ãñ¢?	3	6	9	10	kites	kites	kites	kites	9 - <3>= 6	1					9	3	-	B	wordwindow-stone-red.png	wordwindow-stone-green.png		
en-US	10	1	4	6	"मेरे पास १० एपल्स हैं। मैं कुछ एपल्स खाता हूं। मेरे पास ४ एपल्स बचे हैं। मैंने कितने एपल्स खाए?"	×ðÚð Âæâ 10 âðÕ ãñ¢Ð ×ñ¢ ·éUUUÀ âðÕ ¹æÌæ ãê¢Ð ×ðÚð Âæâ 4 âðÕ Õ¿ð ãñ¢Ð ×ñ¢Ùð ç·UUUUÌÙð âðÕ ¹æ°?	4	6	8	10	apples	apples	apples	apples	10 - <6> = 4	2					10	6	-	B	wordwindow-stone-red.png	wordwindow-stone-yellow.png		
en-US	10	1	5	6	"1 आदमी गुब्बारे ले जा रहा था लेकिन हवा ने ६ उड़ा दिए। उसके पास २ गुब्बारे बचे हैं। उसके पास पहले  कितने गुब्बारे थे?"	1 ¥æÎ×è »éyÕæÚð Üð Áæ Úãæ Íæ Üðç·UUUUÙ ãßæ Ùð 6 ©Ç¸æ çÎ°Ð ©â·ðUUU Âæâ 2 »éyÕæÚð Õ¿ð ãñ¢Ð ©â·ðUUU Âæâ ÂãÜð  ç·UUUUÌÙð »éyÕæÚô¢ Íð?	4	8	12	16	balloons	balloons	balloons	balloons	<8> - 6 = 2	2					8	6	-	A	wordwindow-stone-blue.png	wordwindow-stone-green.png		
en-US	10	2	1	6	"कल, दुकान में चावल के ७ बैग थे। आज, दुकान में चावल के २ बैग हैं। दुकान में कितने बैग चावल बिक गए?"	·UUUUÜ, Îé·UUUæÙ ×ð¢ ¿æßÜ ·ðUUU 7 Õñ» ÍðÐ ¥æÁ, Îé·UUUæÙ ×ð¢ ¿æßÜ ·ðUUU 2 Õñ» ãñ¢Ð Îé·UUUæÙ ×ð¢ ç·UUUUÌÙð Õñ» ¿æßÜ çÕ·UUUU »°?	2	3	5	7	bags	bags	bags	bags	7 - <5> = 2	3					7	5	-	B	wordwindow-stone-red.png	wordwindow-stone-blue.png		
en-US	10	2	2	6	"1 पेड़ की शाखा पर ८ पक्षी बैठे। कुछ उड़ गए। अब शाखा पर ३ पक्षी हैं। कितने पक्षी उड़ गए?"	1 ÂðÇ¸ ·UUUè àææ¹æ ÂÚ 8 Âÿæè ÕñÆðÐ ·éUUUÀ ©Ç¸ »°Ð ¥Õ àææ¹æ ÂÚ 3 Âÿæè ãñ¢Ð ç·UUUUÌÙð Âÿæè ©Ç¸ »°?	3	5	8	10	birds	birds	birds	birds	8 - <5> = 3	2					8	5	-	B	wordwindow-stone-yellow.png	wordwindow-stone-blue.png		
en-US	10	2	3	6	"जेन ने अपने परिवार के लिए ६ सैंडविच बनाए। उसके परिवार ने कुछ खाया और २ बचे थे। उसके परिवार ने कितने सैंडविच खाए?"	ÁðÙ Ùð ¥ÂÙð ÂçÚßæÚ ·ðUUU çÜ° 6 âñ¢Ççß¿ ÕÙæ°Ð ©â·ðUUU ÂçÚßæÚ Ùð ·éUUUÀ ¹æØæ ¥æñÚ 2 Õ¿ð ÍðÐ ©â·ðUUU ÂçÚßæÚ Ùð ç·UUUUÌÙð âñ¢Ççß¿ ¹æ°?	2	4	6	8	sandwiches	sandwiches	sandwiches	sandwiches	6 - <4> = 2	2					6	4	-	B	wordwindow-stone-blue.png	wordwindow-stone-red.png		
en-US	10	2	4	6	"मिया ने घर के बने जाम के १० जार बाजार में लाए। उसने कुछ जार बेचे और ३ जार बचे थे। उसने बाजार में कितने जार बेचे?"	ç×Øæ Ùð ƒæÚ ·ðUUU ÕÙð Áæ× ·ðUUU 10 ÁæÚ ÕæÁæÚ ×ð¢ Üæ°Ð ©âÙð ·éUUUÀ ÁæÚ Õð¿ð ¥æñÚ 3 ÁæÚ Õ¿ð ÍðÐ ©âÙð ÕæÁæÚ ×ð¢ ç·UUUUÌÙð ÁæÚ Õð¿ð?	3	5	7	9	jars	jars	jars	jars	10 - <7> = 3	3					10	7	-	B	wordwindow-stone-yellow.png	wordwindow-stone-green.png		
en-US	10	2	5	6	"टिम के कुत्ते ने कुछ पिल्लों को जन्म दिया। टिम ने अपने दोस्तों को ६ पिल्ले दिए। अब उसके पास २ पिल्ले बचे हैं। उसके कुत्ते ने कितने पिल्लों को जन्म दिया?"	çÅ× ·ðUUU ·éUUU}æð Ùð ·éUUUÀ çÂËÜô¢ ·UUUUô Á‹× çÎØæÐ çÅ× Ùð ¥ÂÙð ÎôSÌô¢ ·UUUUô 6 çÂËÜð çÎ°Ð ¥Õ ©â·ðUUU Âæâ 2 çÂËÜð Õ¿ð ãñ¢Ð ©â·ðUUU ·éUUU}æð Ùð ç·UUUUÌÙð çÂËÜô¢ ·UUUUô Á‹× çÎØæ?	2	4	6	8	puppies	puppies	puppies	puppies	<8> - 6 = 2	4					8	6	-	A	wordwindow-stone-green.png	wordwindow-stone-red.png		
en-US	10	3	1	6	"1 पेड़ की शाखा पर ८ पक्षी बैठे। कुछ उड़ गए। अब शाखा पर ३ पक्षी हैं। कितने पक्षी उड़ गए?"	1 ÂðÇ¸ ·UUUè àææ¹æ ÂÚ 8 Âÿæè ÕñÆðÐ ·éUUUÀ ©Ç¸ »°Ð ¥Õ àææ¹æ ÂÚ 3 Âÿæè ãñ¢Ð ç·UUUUÌÙð Âÿæè ©Ç¸ »°?	3	5	8	10	birds	birds	birds	birds	8 - <5> = 3	2					8	5	-	B	wordwindow-stone-yellow.png	wordwindow-stone-blue.png		
en-US	10	3	2	6	"डेविड और उसके दोस्त ९ पतंग उड़ाते हैं। कुछ पतंग 1 पेड़ में फंस जाती हैं। ६ पतंगें अभी भी उड़ रही हैं। पेड़ में कितनी पतंगें अटकी हैं?"	ÇðçßÇ ¥æñÚ ©â·ðUUU ÎôSÌ 9 ÂÌ¢» ©Ç¸æÌð ãñ¢Ð ·éUUUÀ ÂÌ¢» 1 ÂðÇ¸ ×ð¢ È¢UUUâ ÁæÌè ãñ¢Ð 6 ÂÌ¢»ð¢ ¥Öè Öè ©Ç¸ Úãè ãñ¢Ð ÂðÇ¸ ×ð¢ ç·UUUUÌÙè ÂÌ¢»ð¢ ¥Å·UUUè ãñ¢?	3	6	9	10	kites	kites	kites	kites	9 - <3>= 6	1					9	3	-	B	wordwindow-stone-red.png	wordwindow-stone-green.png		
en-US	10	3	3	6	"कल, दुकान में चावल के ७ बैग थे। आज, दुकान में चावल के २ बैग हैं। दुकान में कितने बैग चावल बिक गए?"	·UUUUÜ, Îé·UUUæÙ ×ð¢ ¿æßÜ ·ðUUU 7 Õñ» ÍðÐ ¥æÁ, Îé·UUUæÙ ×ð¢ ¿æßÜ ·ðUUU 2 Õñ» ãñ¢Ð Îé·UUUæÙ ×ð¢ ç·UUUUÌÙð Õñ» ¿æßÜ çÕ·UUUU »°?	2	3	5	7	bags	bags	bags	bags	7 - <5> = 2	3					7	5	-	B	wordwindow-stone-red.png	wordwindow-stone-blue.png		
en-US	10	3	4	6	"कुछ आम टोकरी में थे। टोकरी से ४ आम निकाले गए थे। अब ६ आम हैं। टोकरी में पहले कितने आम थे?"	·éUUUÀ ¥æ× Åô·UUUUÚè ×ð¢ ÍðÐ Åô·UUUUÚè âð 4 ¥æ× çÙ·UUUæÜð »° ÍðÐ ¥Õ 6 ¥æ× ãñ¢Ð Åô·UUUUÚè ×ð¢ ÂãÜð ç·UUUUÌÙð ¥æ× Íð?	4	8	10	12	mangoes	mangoes	mangoes	mangoes	<10> - 4 = 6	3					10	4	-	A	wordwindow-stone-blue.png	wordwindow-stone-yellow.png		
en-US	10	3	5	6	"1 आदमी गुब्बारे ले जा रहा था लेकिन हवा ने ६ उड़ा दिए। उसके पास २ गुब्बारे बचे हैं। उसके पास पहले  कितने गुब्बारे थे?"	1 ¥æÎ×è »éyÕæÚð Üð Áæ Úãæ Íæ Üðç·UUUUÙ ãßæ Ùð 6 ©Ç¸æ çÎ°Ð ©â·ðUUU Âæâ 2 »éyÕæÚð Õ¿ð ãñ¢Ð ©â·ðUUU Âæâ ÂãÜð  ç·UUUUÌÙð »éyÕæÚô¢ Íð?	4	8	12	16	balloons	balloons	balloons	balloons	<8> - 6 = 2	2					8	6	-	A	wordwindow-stone-blue.png	wordwindow-stone-green.png		
en-US	11	1	1	1	"मगन ने ८ कैंडी खरीदी और जेन ने ९ कैंडी खरीदी। उन्होंने सभी में कितनी कैंडी खरीदी?"	×»Ù Ùð 8 ·ñ¢UUUÇè ¹ÚèÎè ¥æñÚ ÁðÙ Ùð 9 ·ñ¢UUUÇè ¹ÚèÎèÐ ©‹ãô¢Ùð âÖè ×ð¢ ç·UUUUÌÙè ·ñ¢UUUÇè ¹ÚèÎè?	15	16	17	18	candies	candies	candies	candies	8 + 9 = <17>	3	8	9	0	0					wordwindow-stone-yellow.png	wordwindow-stone-blue.png		
en-US	11	1	2	1	"माया के पास ५ मार्बल हैं। जादेन के पास ८ मार्बल हैं। उनके पास कुल मिलाकर कितने मार्बल हैं?"	×æØæ ·ðUUU Âæâ 5 ×æÕüÜ ãñ¢Ð ÁæÎðÙ ·ðUUU Âæâ 8 ×æÕüÜ ãñ¢Ð ©Ù·ðUUU Âæâ ·éUUUÜ ç×Üæ·UUUUÚ ç·UUUUÌÙð ×æÕüÜ ãñ¢?	11	12	13	14	marbles	marbles	marbles	marbles	5 + 8 = <13>	3	5	8	0	0					wordwindow-stone-green.png	wordwindow-stone-red.png		
en-US	11	1	3	1	"शेल्फ पर ८ किताबें हैं। मार्टा ने ६ और किताबें शेल्फ पर रखीं। कितनी किताबें शेल्फ पर हैं?"	àæðËÈUUUU ÂÚ 8 ç·UUUUÌæÕð¢ ãñ¢Ð ×æÅæü Ùð 6 ¥æñÚ ç·UUUUÌæÕð¢ àæðËÈUUUU ÂÚ Ú¹è¢Ð ç·UUUUÌÙè ç·UUUUÌæÕð¢ àæðËÈUUUU ÂÚ ãñ¢?	11	12	13	14	books	books	books	books	8 + 6 = <14>	4	8	6	0	0					wordwindow-stone-red.png	wordwindow-stone-blue.png		
en-US	11	1	4	1	"मैरी 1 जन्मदिन की पार्टी के लिए तैयारी कर रही है। उसने आज सुबह ६ गुब्बारे फुलाए और दुपहर को ५ गुब्बारे फुलाए। उसने सभी में कितने गुब्बारे फुलाए?"	×ñÚè 1 Á‹×çÎÙ ·UUUè ÂæÅèü ·ðUUU çÜ° ÌñØæÚè ·UUUUÚ Úãè ãñÐ ©âÙð ¥æÁ âéÕã 6 »éyÕæÚð ÈéUUUÜæ° ¥æñÚ ÎéÂãÚ ·UUUUô 5 »éyÕæÚð ÈéUUUÜæ°Ð ©âÙð âÖè ×ð¢ ç·UUUUÌÙð »éyÕæÚð ÈéUUUÜæ°?	11	12	13	14	balloons	balloons	balloons	balloons	6 + 5 = <11>	1	6	5	0	0					wordwindow-stone-red.png	wordwindow-stone-yellow.png		
en-US	11	1	5	1	"दराज में ७ पेंसिल हैं। दान ने दराज में ९ और पेंसिल रखीं। दराज में कितने पेंसिल हैं?"	ÎÚæÁ ×ð¢ 7 Âð¢çâÜ ãñ¢Ð ÎæÙ Ùð ÎÚæÁ ×ð¢ 9 ¥æñÚ Âð¢çâÜ Ú¹è¢Ð ÎÚæÁ ×ð¢ ç·UUUUÌÙð Âð¢çâÜ ãñ¢?	14	16	18	20	pencils	pencils	pencils	pencils	7 + 9 = <16>	2	7	9	0	0					wordwindow-stone-red.png	wordwindow-stone-green.png		
en-US	11	2	1	1	"जेनेट के पास ८ संतरे हैं और शेरोन के पास ४ संतरे हैं। उनके पास कुल मिलाकर कितने संतरे हैं?"	ÁðÙðÅ ·ðUUU Âæâ 8 â¢ÌÚð ãñ¢ ¥æñÚ àæðÚôÙ ·ðUUU Âæâ 4 â¢ÌÚð ãñ¢Ð ©Ù·ðUUU Âæâ ·éUUUÜ ç×Üæ·UUUUÚ ç·UUUUÌÙð â¢ÌÚð ãñ¢?	10	12	14	16	oranges	oranges	oranges	oranges	8 + 4 = <12>	2	8	4	0	0					wordwindow-stone-yellow.png	wordwindow-stone-red.png		
en-US	11	2	2	1	"बस में ६ लड़कियां और ७ लडक़े हैं। बस में कितने बच्चे हैं?"	Õâ ×ð¢ 6 ÜÇ¸ç·UUUUØæ¢ ¥æñÚ 7 ÜÇ¸·ðUUU ãñ¢Ð Õâ ×ð¢ ç·UUUUÌÙð Õ‘¿ð ãñ¢?	11	12	13	14	children	children	children	children	6 + 7 = <13>	3	6	7	0	0					wordwindow-stone-yellow.png	wordwindow-stone-green.png		
en-US	11	2	3	1	"1 किसान ने लंच से पहले मकई की ५ पंक्तियाँ लगाईं। उसने लंच के बाद ७ और पंक्तियाँ लगाईं। उसने दिन के दौरान मकई की कितनी पंक्तियाँ लगाईं?"	1 ç·UUUUâæÙ Ùð Ü¢¿ âð ÂãÜð ×·UUUU§ü ·UUUè 5 Â¢çQUUUUØæ¡ Ü»æ§ü¢Ð ©âÙð Ü¢¿ ·ðUUU ÕæÎ 7 ¥æñÚ Â¢çQUUUUØæ¡ Ü»æ§ü¢Ð ©âÙð çÎÙ ·ðUUU ÎõÚæÙ ×·UUUU§ü ·UUUè ç·UUUUÌÙè Â¢çQUUUUØæ¡ Ü»æ§ü¢?	11	12	13	14	rows	rows	rows	rows	5 + 7 = <12>	2	5	7	0	0					wordwindow-stone-blue.png	wordwindow-stone-green.png		
en-US	11	2	4	1	"1 बस में ७ बच्चे सवार हैं। ४ और बच्चे बस में चढ़े। बस में कितने बच्चे हैं?"	1 Õâ ×ð¢ 7 Õ‘¿ð âßæÚ ãñ¢Ð 4 ¥æñÚ Õ‘¿ð Õâ ×ð¢ ¿É¸ðÐ Õâ ×ð¢ ç·UUUUÌÙð Õ‘¿ð ãñ¢?	11	12	13	14	children	children	children	children	7 + 4 = <11>	1	7	4	0	0					wordwindow-stone-blue.png	wordwindow-stone-red.png		
en-US	11	2	5	1	"मगन ने ८ कैंडी खरीदी और जेन ने ९ कैंडी खरीदी। उन्होंने सभी में कितनी कैंडी खरीदी?"	×»Ù Ùð 8 ·ñ¢UUUÇè ¹ÚèÎè ¥æñÚ ÁðÙ Ùð 9 ·ñ¢UUUÇè ¹ÚèÎèÐ ©‹ãô¢Ùð âÖè ×ð¢ ç·UUUUÌÙè ·ñ¢UUUÇè ¹ÚèÎè?	15	16	17	18	candies	candies	candies	candies	8 + 9 = <17>	3	8	9	0	0					wordwindow-stone-yellow.png	wordwindow-stone-blue.png		
en-US	11	3	1	1	"1 हार पर ७ पीले मोती और ८ लाल मोती हैं। हार में कुल मिलाकर कितने मोती हैं?"	1 ãæÚ ÂÚ 7 ÂèÜð ×ôÌè ¥æñÚ 8 ÜæÜ ×ôÌè ãñ¢Ð ãæÚ ×ð¢ ·éUUUÜ ç×Üæ·UUUUÚ ç·UUUUÌÙð ×ôÌè ãñ¢?	11	13	15	17	beads	beads	beads	beads	7 + 8 = <15>	3	7	8	0	0					wordwindow-stone-yellow.png	wordwindow-stone-red.png		
en-US	11	3	2	1	"जेनेट के पास ८ संतरे हैं और शेरोन के पास ४ संतरे हैं। उनके पास कुल मिलाकर कितने संतरे हैं?"	ÁðÙðÅ ·ðUUU Âæâ 8 â¢ÌÚð ãñ¢ ¥æñÚ àæðÚôÙ ·ðUUU Âæâ 4 â¢ÌÚð ãñ¢Ð ©Ù·ðUUU Âæâ ·éUUUÜ ç×Üæ·UUUUÚ ç·UUUUÌÙð â¢ÌÚð ãñ¢?	10	12	14	16	oranges	oranges	oranges	oranges	8 + 4 = <12>	2	8	4	0	0					wordwindow-stone-yellow.png	wordwindow-stone-red.png		
en-US	11	3	3	1	"दराज में ७ पेंसिल हैं। डान ने दराज में ९ और पेंसिल रखीं। दराज में कितने पेंसिल हैं?"	ÎÚæÁ ×ð¢ 7 Âð¢çâÜ ãñ¢Ð ÇæÙ Ùð ÎÚæÁ ×ð¢ 9 ¥æñÚ Âð¢çâÜ Ú¹è¢Ð ÎÚæÁ ×ð¢ ç·UUUUÌÙð Âð¢çâÜ ãñ¢?	14	16	18	20	pencils	pencils	pencils	pencils	7 + 9 = <16>	2	7	9	0	0					wordwindow-stone-red.png	wordwindow-stone-green.png		
en-US	11	3	4	1	"1 किसान ने लंच से पहले मकई की ५ पंक्तियाँ लगाईं। उसने लंच के बाद ७ और पंक्तियाँ लगाईं। उसने दिन के दौरान मकई की कितनी पंक्तियाँ लगाईं?"	1 ç·UUUUâæÙ Ùð Ü¢¿ âð ÂãÜð ×·UUUU§ü ·UUUè 5 Â¢çQUUUUØæ¡ Ü»æ§ü¢Ð ©âÙð Ü¢¿ ·ðUUU ÕæÎ 7 ¥æñÚ Â¢çQUUUUØæ¡ Ü»æ§ü¢Ð ©âÙð çÎÙ ·ðUUU ÎõÚæÙ ×·UUUU§ü ·UUUè ç·UUUUÌÙè Â¢çQUUUUØæ¡ Ü»æ§ü¢?	11	12	13	14	rows	rows	rows	rows	5 + 7 = <12>	2	5	7	0	0					wordwindow-stone-blue.png	wordwindow-stone-green.png		
en-US	11	3	5	1	"माया के पास ५ मार्बल हैं। जादेन के पास ८ मार्बल हैं। उनके पास कुल मिलाकर कितने मार्बल हैं?"	×æØæ ·ðUUU Âæâ 5 ×æÕüÜ ãñ¢Ð ÁæÎðÙ ·ðUUU Âæâ 8 ×æÕüÜ ãñ¢Ð ©Ù·ðUUU Âæâ ·éUUUÜ ç×Üæ·UUUUÚ ç·UUUUÌÙð ×æÕüÜ ãñ¢?	11	12	13	14	marbles	marbles	marbles	marbles	5 + 8 = <13>	3	5	8	0	0					wordwindow-stone-green.png	wordwindow-stone-red.png		
en-US	12	1	1	4	"मारिन के पास ७ गेंदें हैं। एलेन के पास मारिन की तुलना में ६ अधिक गेंदें हैं। एलेन के पास कितनी गेंदें हैं?"	×æçÚÙ ·ðUUU Âæâ 7 »ð¢Îð¢ ãñ¢Ð °ÜðÙ ·ðUUU Âæâ ×æçÚÙ ·UUUè ÌéÜÙæ ×ð¢ 6 ¥çÏ·UUUU »ð¢Îð¢ ãñ¢Ð °ÜðÙ ·ðUUU Âæâ ç·UUUUÌÙè »ð¢Îð¢ ãñ¢?	10	11	12	13	balls	balls	balls	balls	7 + 6 = <13>	4	7	13	0	0					wordwindow-stone-blue.png	wordwindow-stone-green.png		
en-US	12	1	2	4	"बॉब के पास ४ पेंसिल हैं और उसकी बहन के पास उससे ८ अधिक पेंसिल हैं। बॉब की बहन के पास कितनी पेंसिल हैं?"	ÕæòÕ ·ðUUU Âæâ 4 Âð¢çâÜ ãñ¢ ¥æñÚ ©â·UUUè ÕãÙ ·ðUUU Âæâ ©ââð 8 ¥çÏ·UUUU Âð¢çâÜ ãñ¢Ð ÕæòÕ ·UUUè ÕãÙ ·ðUUU Âæâ ç·UUUUÌÙè Âð¢çâÜ ãñ¢?	4	8	12	16	pencils	pencils	pencils	pencils	4 + 8 = <12>	3	4	12	0	0					wordwindow-stone-yellow.png	wordwindow-stone-red.png		
en-US	12	1	3	4	"केली की मुर्गी ने कल ६ अंडे दिए। आज, उसकी मुर्गी ने कल की तुलना में ५ और अंडे दिए। आज उसकी मुर्गी ने कितने अंडे दिए?"	·ðUUUÜè ·UUUè ×é»èü Ùð ·UUUUÜ 6 ¥¢Çð çÎ°Ð ¥æÁ, ©â·UUUè ×é»èü Ùð ·UUUUÜ ·UUUè ÌéÜÙæ ×ð¢ 5 ¥æñÚ ¥¢Çð çÎ°Ð ¥æÁ ©â·UUUè ×é»èü Ùð ç·UUUUÌÙð ¥¢Çð çÎ°?	10	11	12	13	eggs	eggs	eggs	eggs	6 + 5 = <11>	2	6	11	0	0					wordwindow-stone-red.png	wordwindow-stone-green.png		
en-US	12	1	4	4	"जैकब और हेनरी 1 ही किताब पढ़ रहे थे। हेनरी ने जैकब से ९ अधिक पृष्ठ पढ़े। जैकब ने पुस्तक के ११ पृष्ठ पढ़े। हेनरी ने कितने पृष्ठ पढ़े?"	Áñ·UUUUÕ ¥æñÚ ãðÙÚè 1 ãè ç·UUUUÌæÕ ÂÉ¸ Úãð ÍðÐ ãðÙÚè Ùð Áñ·UUUUÕ âð 9 ¥çÏ·UUUU ÂëD ÂÉ¸ðÐ Áñ·UUUUÕ Ùð ÂéSÌ·UUUU ·ðUUU 11 ÂëD ÂÉ¸ðÐ ãðÙÚè Ùð ç·UUUUÌÙð ÂëD ÂÉ¸ð?	9	11	20	25	pages	pages	pages	pages	11 + 9 = <20>	3	20	11	0	0					wordwindow-stone-yellow.png	wordwindow-stone-green.png		
en-US	12	1	5	4	"गैबी ने इयान की तुलना में ४ घंटे अधिक काम किया। इयान ने ८ घंटे काम किया। गैबी ने कितने घंटे काम किया?"	»ñÕè Ùð §ØæÙ ·UUUè ÌéÜÙæ ×ð¢ 4 ƒæ¢Åð ¥çÏ·UUUU ·UUUæ× ç·UUUUØæÐ §ØæÙ Ùð 8 ƒæ¢Åð ·UUUæ× ç·UUUUØæÐ »ñÕè Ùð ç·UUUUÌÙð ƒæ¢Åð ·UUUæ× ç·UUUUØæ?	4	8	12	16	hours	hours	hours	hours	8 + 4 = <12>	3	12	4	0	0					wordwindow-stone-yellow.png	wordwindow-stone-blue.png		
en-US	12	2	1	4	"पॉल के पास ७ प्लम हैं। पॉल की तुलना में ब्रायन के पास ४ और प्लम हैं। ब्रायन के पास कितने प्लम हैं?"	ÂæòÜ ·ðUUU Âæâ 7 ŒÜ× ãñ¢Ð ÂæòÜ ·UUUè ÌéÜÙæ ×ð¢ ÕýæØÙ ·ðUUU Âæâ 4 ¥æñÚ ŒÜ× ãñ¢Ð ÕýæØÙ ·ðUUU Âæâ ç·UUUUÌÙð ŒÜ× ãñ¢?	11	12	13	14	plums	plums	plums	plums	7 + 4 = <11>	1	7	11	0	0					wordwindow-stone-red.png	wordwindow-stone-yellow.png		
en-US	12	2	2	4	"सैंडी की उम्र ५ साल है। मिया सैंडी से ७ साल बड़ी है। मिया कितनी साल की है?"	âñ¢Çè ·UUUè ©×ý 5 âæÜ ãñÐ ç×Øæ âñ¢Çè âð 7 âæÜ ÕÇ¸è ãñÐ ç×Øæ ç·UUUUÌÙè âæÜ ·UUUè ãñ?	11	12	13	14	years old	years old	years old	years old	5 + 7 = <12>	2	5	12	0	0					wordwindow-stone-blue.png	wordwindow-stone-yellow.png		
en-US	12	2	3	4	"जनवरी में ८ दिन बारिश हुई। जनवरी की तुलना में फरवरी में ९ और दिनों तक बारिश हुई। फरवरी में कितने दिन बारिश हुई?"	ÁÙßÚè ×ð¢ 8 çÎÙ ÕæçÚàæ ãé§üÐ ÁÙßÚè ·UUUè ÌéÜÙæ ×ð¢ ÈUUUUÚßÚè ×ð¢ 9 ¥æñÚ çÎÙô¢ Ì·UUUU ÕæçÚàæ ãé§üÐ ÈUUUUÚßÚè ×ð¢ ç·UUUUÌÙð çÎÙ ÕæçÚàæ ãé§ü?	15	16	17	18	days	days	days	days	8 + 9 = <17>	3	8	17	0	0					wordwindow-stone-blue.png	wordwindow-stone-red.png		
en-US	12	2	4	4	"डाकिया ने कल की तुलना में आज ३ और पत्र वितरित किए। उसने कल ८ पत्र दिए। आज उसने कितने पत्र वितरित किए?"	Çæç·UUUUØæ Ùð ·UUUUÜ ·UUUè ÌéÜÙæ ×ð¢ ¥æÁ 3 ¥æñÚ Â˜æ çßÌçÚÌ ç·UUUU°Ð ©âÙð ·UUUUÜ 8 Â˜æ çÎ°Ð ¥æÁ ©âÙð ç·UUUUÌÙð Â˜æ çßÌçÚÌ ç·UUUU°?	11	13	15	17	mails	mails	mails	mails	8 + 3 = <11>	1	11	8	0	0					wordwindow-stone-green.png	wordwindow-stone-red.png		
en-US	12	2	5	4	"जैकब और हेनरी 1 ही किताब पढ़ रहे थे। हेनरी ने जैकब से ९ अधिक पृष्ठ पढ़े। जैकब ने पुस्तक के ११ पृष्ठ पढ़े। हेनरी ने कितने पृष्ठ पढ़े?"	Áñ·UUUUÕ ¥æñÚ ãðÙÚè 1 ãè ç·UUUUÌæÕ ÂÉ¸ Úãð ÍðÐ ãðÙÚè Ùð Áñ·UUUUÕ âð 9 ¥çÏ·UUUU ÂëD ÂÉ¸ðÐ Áñ·UUUUÕ Ùð ÂéSÌ·UUUU ·ðUUU 11 ÂëD ÂÉ¸ðÐ ãðÙÚè Ùð ç·UUUUÌÙð ÂëD ÂÉ¸ð?	9	11	20	25	pages	pages	pages	pages	11 + 9 = <20>	3	20	11	0	0					wordwindow-stone-yellow.png	wordwindow-stone-green.png		
en-US	12	3	1	4	"जैकी के पास ९ पेंसिल हैं। जैकी के मुकाबले एडम के पास ५ और पेंसिल हैं। एडम के पास कितनी पेंसिल हैं?"	Áñ·UUUè ·ðUUU Âæâ 9 Âð¢çâÜ ãñ¢Ð Áñ·UUUè ·ðUUU ×é·UUUæÕÜð °Ç× ·ðUUU Âæâ 5 ¥æñÚ Âð¢çâÜ ãñ¢Ð °Ç× ·ðUUU Âæâ ç·UUUUÌÙè Âð¢çâÜ ãñ¢?	12	13	14	15	pencils	pencils	pencils	pencils	9 + 5 = <14>	3	9	14	0	0					wordwindow-stone-red.png	wordwindow-stone-blue.png		
en-US	12	3	2	4	"मारिन के पास ७ गेंदें हैं। एलेन के पास मारिन की तुलना में ६ अधिक गेंदें हैं। एलेन के पास कितनी गेंदें हैं?"	×æçÚÙ ·ðUUU Âæâ 7 »ð¢Îð¢ ãñ¢Ð °ÜðÙ ·ðUUU Âæâ ×æçÚÙ ·UUUè ÌéÜÙæ ×ð¢ 6 ¥çÏ·UUUU »ð¢Îð¢ ãñ¢Ð °ÜðÙ ·ðUUU Âæâ ç·UUUUÌÙè »ð¢Îð¢ ãñ¢?	10	11	12	13	balls	balls	balls	balls	7 + 6 = <13>	4	7	13	0	0					wordwindow-stone-blue.png	wordwindow-stone-green.png		
en-US	12	3	3	4	"सैंडी की उम्र ५ साल है। मिया सैंडी से ७ साल बड़ी है। मिया कितनी साल की है?"	âñ¢Çè ·UUUè ©×ý 5 âæÜ ãñÐ ç×Øæ âñ¢Çè âð 7 âæÜ ÕÇ¸è ãñÐ ç×Øæ ç·UUUUÌÙè âæÜ ·UUUè ãñ?	11	12	13	14	years old	years old	years old	years old	5 + 7 = <12>	2	5	12	0	0					wordwindow-stone-blue.png	wordwindow-stone-yellow.png		
en-US	12	3	4	4	"गैबी ने इयान की तुलना में ४ घंटे अधिक काम किया। इयान ने ८ घंटे काम किया। गैबी ने कितने घंटे काम किया?"	»ñÕè Ùð §ØæÙ ·UUUè ÌéÜÙæ ×ð¢ 4 ƒæ¢Åð ¥çÏ·UUUU ·UUUæ× ç·UUUUØæÐ §ØæÙ Ùð 8 ƒæ¢Åð ·UUUæ× ç·UUUUØæÐ »ñÕè Ùð ç·UUUUÌÙð ƒæ¢Åð ·UUUæ× ç·UUUUØæ?	4	8	12	16	hours	hours	hours	hours	8 + 4 = <12>	3	12	4	0	0					wordwindow-stone-yellow.png	wordwindow-stone-blue.png		
en-US	12	3	5	4	"डाकिया ने कल की तुलना में आज ३ और पत्र वितरित किए। उसने कल ८ पत्र दिए। आज उसने कितने पत्र वितरित किए?"	Çæç·UUUUØæ Ùð ·UUUUÜ ·UUUè ÌéÜÙæ ×ð¢ ¥æÁ 3 ¥æñÚ Â˜æ çßÌçÚÌ ç·UUUU°Ð ©âÙð ·UUUUÜ 8 Â˜æ çÎ°Ð ¥æÁ ©âÙð ç·UUUUÌÙð Â˜æ çßÌçÚÌ ç·UUUU°?	11	13	15	17	mails	mails	mails	mails	8 + 3 = <11>	1	11	8	0	0					wordwindow-stone-green.png	wordwindow-stone-red.png		
en-US	13	1	1	2	"स्कूल बस में १० छात्र हैं। ३ छात्र बस से उतर गए। बस में कितने छात्र बचे हैं?"	S·êUUUÜ Õâ ×ð¢ 10 Àæ˜æ ãñ¢Ð 3 Àæ˜æ Õâ âð ©ÌÚ »°Ð Õâ ×ð¢ ç·UUUUÌÙð Àæ˜æ Õ¿ð ãñ¢?	3	7	10	13	students	students	students	students	10 - 3 = <7>	2	10	3	0	0					wordwindow-stone-blue.png	wordwindow-stone-green.png		
en-US	13	1	2	2	"निक के पास १३ संतरे हैं। वह उनमें से ५ खाते हैं। उसके पास कितने संतरे हैं?"	çÙ·UUUU ·ðUUU Âæâ 13 â¢ÌÚð ãñ¢Ð ßã ©Ù×ð¢ âð 5 ¹æÌð ãñ¢Ð ©â·ðUUU Âæâ ç·UUUUÌÙð â¢ÌÚð ãñ¢?	5	8	11	13	oranges	oranges	oranges	oranges	13 - 5 = <8>	2	13	5	0	0					wordwindow-stone-red.png	wordwindow-stone-green.png		
en-US	13	1	3	2	"सैम को होमवर्क के लिए १२ गणित की समस्याएं हैं। उसने उनमें से ३ का जवाब दिया। सैम ने उत्तर देने के लिए और कितनी गणित की समस्याएं छोड़ी हैं?"	âñ× ·UUUUô ãô×ß·üUUU ·ðUUU çÜ° 12 »ç‡æÌ ·UUUè â×SØæ°¢ ãñ¢Ð ©âÙð ©Ù×ð¢ âð 3 ·UUUæ ÁßæÕ çÎØæÐ âñ× Ùð ©}æÚ ÎðÙð ·ðUUU çÜ° ¥æñÚ ç·UUUUÌÙè »ç‡æÌ ·UUUè â×SØæ°¢ ÀôÇ¸è ãñ¢?	3	7	9	12	problems	problems	problems	problems	12 - 3 = <9>	3	12	3	0	0					wordwindow-stone-red.png	wordwindow-stone-blue.png		
en-US	13	1	4	2	"जोश के पास १६ मार्बल हैं और उनमें से ७ को खो देता है। जोश के पास अब कितने मार्बल्स हैं?"	Áôàæ ·ðUUU Âæâ 16 ×æÕüÜ ãñ¢ ¥æñÚ ©Ù×ð¢ âð 7 ·UUUUô ¹ô ÎðÌæ ãñÐ Áôàæ ·ðUUU Âæâ ¥Õ ç·UUUUÌÙð ×æÕüËâ ãñ¢?	6	7	8	9	marbles	marbles	marbles	marbles	16 - 7 = <9>	4	16	7	0	0					wordwindow-stone-green.png	wordwindow-stone-red.png		
en-US	13	1	5	2	"नासिर ने १७ पन्नों की 1 किताब निकाली। वह ९ पन्ने पढ़ता है। उसके पास पढऩे के लिए कितनी पन्ने बची हैं?"	ÙæçâÚ Ùð 17 Âóæô¢ ·UUUè 1 ç·UUUUÌæÕ çÙ·UUUæÜèÐ ßã 9 Âóæð ÂÉ¸Ìæ ãñÐ ©â·ðUUU Âæâ ÂÉ¸Ùð ·ðUUU çÜ° ç·UUUUÌÙè Âóæð Õ¿è ãñ¢?	5	8	9	15	pages	pages	pages	pages	17 - 9 = <8>	2	17	9	0	0					wordwindow-stone-red.png	wordwindow-stone-yellow.png		
en-US	13	2	1	2	"सैम को होमवर्क के लिए १२ गणित की समस्याएं हैं। उसने उनमें से ३ का जवाब दिया। सैम ने उत्तर देने के लिए और कितनी गणित की समस्याएं छोड़ी हैं?"	âñ× ·UUUUô ãô×ß·üUUU ·ðUUU çÜ° 12 »ç‡æÌ ·UUUè â×SØæ°¢ ãñ¢Ð ©âÙð ©Ù×ð¢ âð 3 ·UUUæ ÁßæÕ çÎØæÐ âñ× Ùð ©}æÚ ÎðÙð ·ðUUU çÜ° ¥æñÚ ç·UUUUÌÙè »ç‡æÌ ·UUUè â×SØæ°¢ ÀôÇ¸è ãñ¢?	3	7	9	12	problems	problems	problems	problems	12 - 3 = <9>	3	12	3	0	0					wordwindow-stone-red.png	wordwindow-stone-blue.png		
en-US	13	2	2	2	"डिएगो के  1 टोकरी में ११ आम हैं। डिएगो अपनी बहन को ४ आम देता है। टोकरी में कितने आम बचे हैं?"	çÇ°»ô ·ðUUU  1 Åô·UUUUÚè ×ð¢ 11 ¥æ× ãñ¢Ð çÇ°»ô ¥ÂÙè ÕãÙ ·UUUUô 4 ¥æ× ÎðÌæ ãñÐ Åô·UUUUÚè ×ð¢ ç·UUUUÌÙð ¥æ× Õ¿ð ãñ¢?	5	7	9	11	mangoes	mangoes	mangoes	mangoes	11 - 4 = <7>	2	11	4	0	0					wordwindow-stone-yellow.png	wordwindow-stone-green.png		
en-US	13	2	3	2	"निक के पास १३ संतरे हैं। वह उनमें से ५ खाते हैं। उसके पास कितने संतरे हैं?"	çÙ·UUUU ·ðUUU Âæâ 13 â¢ÌÚð ãñ¢Ð ßã ©Ù×ð¢ âð 5 ¹æÌð ãñ¢Ð ©â·ðUUU Âæâ ç·UUUUÌÙð â¢ÌÚð ãñ¢?	5	8	11	13	oranges	oranges	oranges	oranges	13 - 5 = <8>	2	13	5	0	0					wordwindow-stone-red.png	wordwindow-stone-green.png		
en-US	13	2	4	2	"सारा के बैग में १४ पेंसिल हैं। उसने अपने दोस्तों को उनमें से ७ उधार लेने दिए। सारा के पास कितनी पेंसिल बची हैं?"	âæÚæ ·ðUUU Õñ» ×ð¢ 14 Âð¢çâÜ ãñ¢Ð ©âÙð ¥ÂÙð ÎôSÌô¢ ·UUUUô ©Ù×ð¢ âð 7 ©ÏæÚ ÜðÙð çÎ°Ð âæÚæ ·ðUUU Âæâ ç·UUUUÌÙè Âð¢çâÜ Õ¿è ãñ¢?	4	7	10	14	pencils	pencils	pencils	pencils	14 - 7 = <7>	2	14	7	0	0					wordwindow-stone-blue.png	wordwindow-stone-yellow.png		
en-US	13	2	5	2	जोश के पास १६ मार्बल हैं और उनमें से ७ को खो देता है। जोश के पास अब कितने मार्बल्स हैं?	Áôàæ ·ðUUU Âæâ 16 ×æÕüÜ ãñ¢ ¥æñÚ ©Ù×ð¢ âð 7 ·UUUUô ¹ô ÎðÌæ ãñÐ Áôàæ ·ðUUU Âæâ ¥Õ ç·UUUUÌÙð ×æÕüËâ ãñ¢?	6	7	8	9	marbles	marbles	marbles	marbles	16 - 7 = <9>	4	16	7	0	0					wordwindow-stone-green.png	wordwindow-stone-red.png		
en-US	13	3	1	2	"डिएगो के  1 टोकरी में ११ आम हैं। डिएगो अपनी बहन को ४ आम देता है। टोकरी में कितने आम बचे हैं?"	çÇ°»ô ·ðUUU  1 Åô·UUUUÚè ×ð¢ 11 ¥æ× ãñ¢Ð çÇ°»ô ¥ÂÙè ÕãÙ ·UUUUô 4 ¥æ× ÎðÌæ ãñÐ Åô·UUUUÚè ×ð¢ ç·UUUUÌÙð ¥æ× Õ¿ð ãñ¢?	5	7	9	11	mangoes	mangoes	mangoes	mangoes	11 - 4 = <7>	2	11	4	0	0					wordwindow-stone-yellow.png	wordwindow-stone-green.png		
en-US	13	3	2	2	"स्कूल बस में १० छात्र हैं। ३ छात्र बस से उतर गए। बस में कितने छात्र बचे हैं?"	S·êUUUÜ Õâ ×ð¢ 10 Àæ˜æ ãñ¢Ð 3 Àæ˜æ Õâ âð ©ÌÚ »°Ð Õâ ×ð¢ ç·UUUUÌÙð Àæ˜æ Õ¿ð ãñ¢?	3	7	10	13	students	students	students	students	10 - 3 = <7>	2	10	3	0	0					wordwindow-stone-blue.png	wordwindow-stone-green.png		
en-US	13	3	3	2	"लीना के पास १२ किताबें हैं। वह अपनी कक्षा की पुस्तकालय में ८ किताबें दान करती हैं। लीना के पास अब कितनी किताबें बची हैं?"	ÜèÙæ ·ðUUU Âæâ १२ ç·UUUUÌæÕð¢ ãñ¢Ð ßã ¥ÂÙè ·UUUUÿææ ·UUUè ÂéSÌ·UUUæÜØ ×ð¢ ८ ç·UUUUÌæÕð¢ ÎæÙ ·UUUUÚÌè ãñ¢Ð ÜèÙæ ·ðUUU Âæâ ¥Õ ç·UUUUÌÙè ç·UUUUÌæÕð¢ Õ¿è ãñ¢?	2	4	6	8	books	books	books	books	12 - 8 = <4>	2	12	8	0	0					wordwindow-stone-yellow.png	wordwindow-stone-red.png		
en-US	13	3	4	2	"1 तालाब में १५ बतख तैर रही हैं। ७ बतख उड़ जाती हैं। तालाब में अभी भी कितने बतख तैर रहे हैं?"	1 ÌæÜæÕ ×ð¢ 15 Õ}æ¹ ÌñÚ Úãè ãñ¢Ð 7 Õ}æ¹ ©Ç¸ ÁæÌè ãñ¢Ð ÌæÜæÕ ×ð¢ ¥Öè Öè ç·UUUUÌÙð ÕÌ¹ ÌñÚ Úãð ãñ¢?	5	7	8	10	ducks	ducks	ducks	ducks	15 - 7 = <8>	3	15	7	0	0					wordwindow-stone-yellow.png	wordwindow-stone-blue.png		
en-US	13	3	5	2	"1 खलिहान में १८ भेड़ें रहती हैं। ९ भेड़ें बेची जाती हैं। खलिहान में कितनी भेड़ें बची हैं?"	1 ¹çÜãæÙ ×ð¢ 18 ÖðÇ¸ð¢ ÚãÌè ãñ¢Ð 9 ÖðÇ¸ð¢ Õð¿è ÁæÌè ãñ¢Ð ¹çÜãæÙ ×ð¢ ç·UUUUÌÙè ÖðÇ¸ð¢ Õ¿è ãñ¢?	3	6	9	11	sheep	sheep	sheep	sheep	18 - 9 = <9>	3	18	9	0	0					wordwindow-stone-blue.png	wordwindow-stone-red.png		
en-US	14	1	1	4	"बेथ के बगीचे में १३ फूल हैं। केट के ८ फूल हैं। बेथ के पास केट की तुलना में कितने अधिक फूल हैं?"	ÕðÍ ·ðUUU Õ»è¿ð ×ð¢ 13 ÈêUUUÜ ãñ¢Ð ·ðUUUÅ ·ðUUU 8 ÈêUUUÜ ãñ¢Ð ÕðÍ ·ðUUU Âæâ ·ðUUUÅ ·UUUè ÌéÜÙæ ×ð¢ ç·UUUUÌÙð ¥çÏ·UUUU ÈêUUUÜ ãñ¢?	3	5	8	13	flowers	flowers	flowers	flowers	13 - 8 = <5>	2	13	8	0	0					wordwindow-stone-red.png	wordwindow-stone-yellow.png		
en-US	14	1	2	4	"टीना ने पुस्तकालय से ११ किताबें उधार लीं। उसके दोस्त ने ५ किताबें उधार लीं। टीना ने अपने दोस्त से कितनी अधिक किताबें उधार लीं?"	ÅèÙæ Ùð ÂéSÌ·UUUæÜØ âð 11 ç·UUUUÌæÕð¢ ©ÏæÚ Üè¢Ð ©â·ðUUU ÎôSÌ Ùð 5 ç·UUUUÌæÕð¢ ©ÏæÚ Üè¢Ð ÅèÙæ Ùð ¥ÂÙð ÎôSÌ âð ç·UUUUÌÙè ¥çÏ·UUUU ç·UUUUÌæÕð¢ ©ÏæÚ Üè¢?	5	6	8	11	books	books	books	books	11 - 5 = <6>	2	11	5	0	0					wordwindow-stone-red.png	wordwindow-stone-blue.png		
en-US	14	1	3	4	"अर्नेस्ट ५ पेपर हवाई जहाज बनाता है। निकोल १४ पेपर हवाई जहाज बनाती है। निकोल की तुलना में अर्नेस्ट कितने कम हवाई जहाज बनाता है?"	¥ÙðüSÅ 5 ÂðÂÚ ãßæ§ü ÁãæÁ ÕÙæÌæ ãñÐ çÙ·UUUUôÜ 14 ÂðÂÚ ãßæ§ü ÁãæÁ ÕÙæÌè ãñÐ çÙ·UUUUôÜ ·UUUè ÌéÜÙæ ×ð¢ ¥ÙðüSÅ ç·UUUUÌÙð ·UUUU× ãßæ§ü ÁãæÁ ÕÙæÌæ ãñ?	4	5	9	14	airplanes	airplanes	airplanes	airplanes	14 - 5 = <9>	3	5	14	0	0					wordwindow-stone-yellow.png	wordwindow-stone-red.png		
en-US	14	1	4	4	"फ्रेड १२ साल का है। उसका भाई टॉम ८ साल का है। फ्रेड की तुलना में टॉम कितना छोटा है?"	ÈýðUUUÇ 12 âæÜ ·UUUæ ãñÐ ©â·UUUæ Öæ§ü Åæò× 8 âæÜ ·UUUæ ãñÐ ÈýðUUUÇ ·UUUè ÌéÜÙæ ×ð¢ Åæò× ç·UUUUÌÙæ ÀôÅæ ãñ?	4	8	12	18	years	years	years	years	12 - 8  = <4>	1	12	8	0	0					wordwindow-stone-green.png	wordwindow-stone-red.png		
en-US	14	1	5	4	"बच्चे अपनी कक्षा को सजाने के लिए चित्र बना रहे हैं। लडक़े ११ चित्र बनाते हैं और लड़कियां २० चित्र बनती हैं। लडक़ों की तुलना में लड़कियां कितने ज्यादा चित्र बनती हैं?"	Õ‘¿ð ¥ÂÙè ·UUUUÿææ ·UUUUô âÁæÙð ·ðUUU çÜ° ç¿˜æ ÕÙæ Úãð ãñ¢Ð ÜÇ¸·ðUUU 11 ç¿˜æ ÕÙæÌð ãñ¢ ¥æñÚ ÜÇ¸ç·UUUUØæ¢ 20 ç¿˜æ ÕÙÌè ãñ¢Ð ÜÇ¸·UUUUô¢ ·UUUè ÌéÜÙæ ×ð¢ ÜÇ¸ç·UUUUØæ¢ ç·UUUUÌÙð ’ØæÎæ ç¿˜æ ÕÙÌè ãñ¢?	9	11	15	20	pictures	pictures	pictures	pictures	20 - 11 = <9>	1	11	20	0	0					wordwindow-stone-blue.png	wordwindow-stone-red.png		
en-US	14	2	1	4	"अन्ना ने १२ पौधे खरीदे। उसकी बहन ने ७ पौधे खरीदे। अन्ना ने अपनी बहन से कितने अधिक पौधे खरीदे?"	¥óææ Ùð 12 ÂõÏð ¹ÚèÎðÐ ©â·UUUè ÕãÙ Ùð 7 ÂõÏð ¹ÚèÎðÐ ¥óææ Ùð ¥ÂÙè ÕãÙ âð ç·UUUUÌÙð ¥çÏ·UUUU ÂõÏð ¹ÚèÎð?	3	5	7	12	plants	plants	plants	plants	12 - 7 = <5>	2	12	7	0	0					wordwindow-stone-yellow.png	wordwindow-stone-blue.png		
en-US	14	2	2	4	"मार्च में १५ दिन बारिश हुई। अप्रैल में ८ दिन बारिश हुई। मार्च में अप्रैल की तुलना में कितने दिन अधिक बारिश हुई?"	×æ¿ü ×ð¢ 15 çÎÙ ÕæçÚàæ ãé§üÐ ¥ÂýñÜ ×ð¢ 8 çÎÙ ÕæçÚàæ ãé§üÐ ×æ¿ü ×ð¢ ¥ÂýñÜ ·UUUè ÌéÜÙæ ×ð¢ ç·UUUUÌÙð çÎÙ ¥çÏ·UUUU ÕæçÚàæ ãé§ü?	5	7	8	15	days	days	days	days	15 - 8 = <7>	2	15	8	0	0					wordwindow-stone-blue.png	wordwindow-stone-yellow.png		
en-US	14	2	3	4	"फ्रेड १२ साल का है। उसका भाई टॉम ८ साल का है। फ्रेड की तुलना में टॉम कितना छोटा है?"	ÈýðUUUÇ 12 âæÜ ·UUUæ ãñÐ ©â·UUUæ Öæ§ü Åæò× 8 âæÜ ·UUUæ ãñÐ ÈýðUUUÇ ·UUUè ÌéÜÙæ ×ð¢ Åæò× ç·UUUUÌÙæ ÀôÅæ ãñ?	4	8	12	18	years	years	years	years	12 - 8  = <4>	1	12	8	0	0					wordwindow-stone-green.png	wordwindow-stone-red.png		
en-US	14	2	4	4	"जेन १५ बिस्कुट और ७ केक बेक करती है। बिस्कुट की तुलना में उसने कितने कम केक बेक किए?"	ÁðÙ 15 çÕS·éUUUÅ ¥æñÚ 7 ·ðUUU·UUUU Õð·UUUU ·UUUUÚÌè ãñÐ çÕS·éUUUÅ ·UUUè ÌéÜÙæ ×ð¢ ©âÙð ç·UUUUÌÙð ·UUUU× ·ðUUU·UUUU Õð·UUUU ç·UUUU°?	7	8	9	10	cakes	cakes	cakes	cakes	15 - 7 = <8>	2	15	7	0	0					wordwindow-stone-red.png	wordwindow-stone-green.png		
en-US	14	2	5	4	"1 कक्षा में १३ लड़कियां और १८ लडक़े हैं। लड़कियों की तुलना में कितने अधिक लडक़े हैं?"	1 ·UUUUÿææ ×ð¢ 13 ÜÇ¸ç·UUUUØæ¢ ¥æñÚ 18 ÜÇ¸·ðUUU ãñ¢Ð ÜÇ¸ç·UUUUØô¢ ·UUUè ÌéÜÙæ ×ð¢ ç·UUUUÌÙð ¥çÏ·UUUU ÜÇ¸·ðUUU ãñ¢?	5	10	13	18	boys	boys	boys	boys	18 - 13 = <5>	1	13	18	0	0					wordwindow-stone-yellow.png	wordwindow-stone-green.png		
en-US	14	3	1	4	"मार्च में १५ दिन बारिश हुई। अप्रैल में ८ दिन बारिश हुई। मार्च में अप्रैल की तुलना में कितने दिन अधिक बारिश हुई?"	×æ¿ü ×ð¢ 15 çÎÙ ÕæçÚàæ ãé§üÐ ¥ÂýñÜ ×ð¢ 8 çÎÙ ÕæçÚàæ ãé§üÐ ×æ¿ü ×ð¢ ¥ÂýñÜ ·UUUè ÌéÜÙæ ×ð¢ ç·UUUUÌÙð çÎÙ ¥çÏ·UUUU ÕæçÚàæ ãé§ü?	5	7	8	15	days	days	days	days	15 - 8 = <7>	2	15	8	0	0					wordwindow-stone-blue.png	wordwindow-stone-yellow.png		
en-US	14	3	2	4	"बेथ के बगीचे में १३ फूल हैं। केट के ८ फूल हैं। बेथ के पास केट की तुलना में कितने अधिक फूल हैं?"	ÕðÍ ·ðUUU Õ»è¿ð ×ð¢ 13 ÈêUUUÜ ãñ¢Ð ·ðUUUÅ ·ðUUU 8 ÈêUUUÜ ãñ¢Ð ÕðÍ ·ðUUU Âæâ ·ðUUUÅ ·UUUè ÌéÜÙæ ×ð¢ ç·UUUUÌÙð ¥çÏ·UUUU ÈêUUUÜ ãñ¢?	3	5	8	13	flowers	flowers	flowers	flowers	13 - 8 = <5>	2	13	8	0	0					wordwindow-stone-red.png	wordwindow-stone-yellow.png		
en-US	14	3	3	4	"जेन १५ बिस्कुट और ७ केक बेक करती है। बिस्कुट की तुलना में उसने कितने कम केक बेक किए?"	ÁðÙ 15 çÕS·éUUUÅ ¥æñÚ 7 ·ðUUU·UUUU Õð·UUUU ·UUUUÚÌè ãñÐ çÕS·éUUUÅ ·UUUè ÌéÜÙæ ×ð¢ ©âÙð ç·UUUUÌÙð ·UUUU× ·ðUUU·UUUU Õð·UUUU ç·UUUU°?	7	8	9	10	cakes	cakes	cakes	cakes	15 - 7 = <8>	2	15	7	0	0					wordwindow-stone-red.png	wordwindow-stone-green.png		
en-US	14	3	4	4	"अर्नेस्ट ५ पेपर हवाई जहाज बनाता है। निकोल १४ पेपर हवाई जहाज बनाती है। निकोल की तुलना में अर्नेस्ट कितने कम हवाई जहाज बनाता है?"	¥ÙðüSÅ 5 ÂðÂÚ ãßæ§ü ÁãæÁ ÕÙæÌæ ãñÐ çÙ·UUUUôÜ 14 ÂðÂÚ ãßæ§ü ÁãæÁ ÕÙæÌè ãñÐ çÙ·UUUUôÜ ·UUUè ÌéÜÙæ ×ð¢ ¥ÙðüSÅ ç·UUUUÌÙð ·UUUU× ãßæ§ü ÁãæÁ ÕÙæÌæ ãñ?	4	5	9	14	airplanes	airplanes	airplanes	airplanes	14 - 5 = <9>	3	5	14	0	0					wordwindow-stone-yellow.png	wordwindow-stone-red.png		
en-US	14	3	5	4	"सिडनी को समुद्र तट पर २० शंख मिले। नोआ को ६ शंख मिले। नोआ की तुलना में सिडनी को कितने और शंख मिले?"	çâÇÙè ·UUUUô â×é¼ý ÌÅ ÂÚ 20 àæ¢¹ ç×ÜðÐ Ùô¥æ ·UUUUô 6 àæ¢¹ ç×ÜðÐ Ùô¥æ ·UUUè ÌéÜÙæ ×ð¢ çâÇÙè ·UUUUô ç·UUUUÌÙð ¥æñÚ àæ¢¹ ç×Üð?	6	10	14	20	seashells	seashells	seashells	seashells	20 - 6 = <14>	3	20	6	0	0					wordwindow-stone-blue.png	wordwindow-stone-green.png		
en-US	15	1	1	5	"सुश्री हन्नाह अपने ११ छात्रों के साथ लुका-छिपी का खेल खेल रही है। उसे ३ छात्र मिले। कितने छात्र अभी भी छिपे हुए हैं?"	âéŸæè ãóææã ¥ÂÙð 11 Àæ˜æô¢ ·ðUUU âæÍ Üé·UUUæ-çÀÂè ·UUUæ ¹ðÜ ¹ðÜ Úãè ãñÐ ©âð 3 Àæ˜æ ç×ÜðÐ ç·UUUUÌÙð Àæ˜æ ¥Öè Öè çÀÂð ãé° ãñ¢?	3	5	8	11	students	students	students	students	11 = 3 + <8>	3	3	8	0	0					wordwindow-stone-red.png	wordwindow-stone-green.png		
en-US	15	1	2	5	"1 कक्षा में १५ छात्र हैं। ९ छात्र लंबी पैंट पहने हुए हैं। बाकी ने शॉर्ट पैंट पहनी हुई है। कितने छात्र ने शॉर्ट पैंट पहने हैं?"	1 ·UUUUÿææ ×ð¢ 15 Àæ˜æ ãñ¢Ð 9 Àæ˜æ Ü¢Õè Âñ¢Å ÂãÙð ãé° ãñ¢Ð Õæ·UUUè Ùð àææòÅü Âñ¢Å ÂãÙè ãé§ü ãñÐ ç·UUUUÌÙð Àæ˜æ Ùð àææòÅü Âñ¢Å ÂãÙð ãñ¢?	3	6	9	15	students	students	students	students	15 = 9 + <6>	2	9	6	0	0					wordwindow-stone-red.png	wordwindow-stone-yellow.png		
en-US	15	1	3	5	"ब्रैड के पास १७ गुब्बारे हैं। ८ गुब्बारे लाल और बाकी हरे हैं। कितने गुब्बारे हरे हैं?"	ÕýñÇ ·ðUUU Âæâ 17 »éyÕæÚð ãñ¢Ð 8 »éyÕæÚð ÜæÜ ¥æñÚ Õæ·UUUè ãÚð ãñ¢Ð ç·UUUUÌÙð »éyÕæÚð ãÚð ãñ¢?	7	8	9	10	balloons	balloons	balloons	balloons	17 = 8 + <9>	3	8	9	0	0					wordwindow-stone-red.png	wordwindow-stone-green.png		
en-US	15	1	4	5	"लैकी और केंद्र ने १४ जुगनुओं को पकड़ा। लैकी ने ५ जुगनुओं को पकड़ा। केंद्र ने कितने जुगनुओं को पकड़ा?"	Üñ·UUUè ¥æñÚ ·ð¢UUU¼ý Ùð 14 Áé»Ùé¥ô¢ ·UUUUô Â·UUUUÇ¸æÐ Üñ·UUUè Ùð 5 Áé»Ùé¥ô¢ ·UUUUô Â·UUUUÇ¸æÐ ·ð¢UUU¼ý Ùð ç·UUUUÌÙð Áé»Ùé¥ô¢ ·UUUUô Â·UUUUÇ¸æ?	6	9	12	14	fireflies	fireflies	fireflies	fireflies	14 = 5 + <9>	2	5	9	0	0					wordwindow-stone-blue.png	wordwindow-stone-green.png		
en-US	15	1	5	5	"सुश्री डॉसन की कक्षा में १२ छात्र हैं। कुछ छात्र अनुपस्थित हैं और ७ छात्र उपस्थित हैं। कितने छात्र अनुपस्थित हैं?"	âéŸæè ÇæòâÙ ·UUUè ·UUUUÿææ ×ð¢ 12 Àæ˜æ ãñ¢Ð ·éUUUÀ Àæ˜æ ¥ÙéÂçSÍÌ ãñ¢ ¥æñÚ 7 Àæ˜æ ©ÂçSÍÌ ãñ¢Ð ç·UUUUÌÙð Àæ˜æ ¥ÙéÂçSÍÌ ãñ¢?	5	7	9	12	students	students	students	students	12 = <5> + 7	1	5	7	0	0					wordwindow-stone-yellow.png	wordwindow-stone-green.png		
en-US	15	2	1	5	"टेनिस टीम में १२ खिलाड़ी हैं। खिलाड़यिों में से ६ लड़कियां हैं। कुछ लडक़े हैं। कितने टेनिस खिलाड़ी लडक़े हैं?"	ÅðçÙâ Åè× ×ð¢ 12 ç¹ÜæÇ¸è ãñ¢Ð ç¹ÜæÇ¸çØô¢ ×ð¢ âð 6 ÜÇ¸ç·UUUUØæ¢ ãñ¢Ð ·éUUUÀ ÜÇ¸·ðUUU ãñ¢Ð ç·UUUUÌÙð ÅðçÙâ ç¹ÜæÇ¸è ÜÇ¸·ðUUU ãñ¢?	2	6	10	12	boys	boys	boys	boys	12 = 6 + <6>	2	6	6	0	0					wordwindow-stone-blue.png	wordwindow-stone-red.png		
en-US	15	2	2	5	"लकड़ी का 1 टुकड़ा १३ इंच लंबा होता है। इसे दो भागों में काटा जाता है। 1 भाग ६ इंच लंबा है। दूसरा भाग कितना लंबा है?"	Ü·UUUUÇ¸è ·UUUæ 1 Åé·UUUUÇ¸æ 13 §¢¿ Ü¢Õæ ãôÌæ ãñÐ §âð Îô Öæ»ô¢ ×ð¢ ·UUUæÅæ ÁæÌæ ãñÐ 1 Öæ» 6 §¢¿ Ü¢Õæ ãñÐ ÎêâÚæ Öæ» ç·UUUUÌÙæ Ü{Õæ ãñ?	6	7	8	9	inches	inches	inches	inches	13 = 6 + <7>	2	6	7	0	0					wordwindow-stone-green.png	wordwindow-stone-red.png		
en-US	15	2	3	5	"लैकी और केंद्र ने १४ जुगनुओं को पकड़ा। लैकी ने ५ जुगनुओं को पकड़ा। केंद्र ने कितने जुगनुओं को पकड़ा?"	Üñ·UUUè ¥æñÚ ·ð¢UUU¼ý Ùð 14 Áé»Ùé¥ô¢ ·UUUUô Â·UUUUÇ¸æÐ Üñ·UUUè Ùð 5 Áé»Ùé¥ô¢ ·UUUUô Â·UUUUÇ¸æÐ ·ð¢UUU¼ý Ùð ç·UUUUÌÙð Áé»Ùé¥ô¢ ·UUUUô Â·UUUUÇ¸æ?	6	9	12	14	fireflies	fireflies	fireflies	fireflies	14 = 5 + <9>	2	5	9	0	0					wordwindow-stone-blue.png	wordwindow-stone-green.png		
en-US	15	2	4	5	"ज़च के पास १७ जन्मदिन के तोहफे हैं। ९ तोहफे उसके परिवार के हैं और बाकी उसके दोस्तों के हैं। उसके दोस्तों से कितने उपहार हैं?"	Á¸¿ ·ðUUU Âæâ 17 Á‹×çÎÙ ·ðUUU ÌôãÈðUUU ãñ¢Ð 9 ÌôãÈðUUU ©â·ðUUU ÂçÚßæÚ ·ðUUU ãñ¢ ¥æñÚ Õæ·UUUè ©â·ðUUU ÎôSÌô¢ ·ðUUU ãñ¢Ð ©â·ðUUU ÎôSÌô¢ âð ç·UUUUÌÙð ©ÂãæÚ ãñ¢?	7	8	9	10	gifts	gifts	gifts	gifts	17 = 9 + <8>	2	9	8	0	0					wordwindow-stone-yellow.png	wordwindow-stone-blue.png		
en-US	15	2	5	5	"1 कक्षा में १६ बच्चे हैं। कुछ बच्चे खेलने के लिए बाहर जाते हैं। ७ बच्चे किताबें पढऩे के लिए अंदर रहते हैं। कितने बच्चे बाहर हैं?"	1 ·UUUUÿææ ×ð¢ 16 Õ‘¿ð ãñ¢Ð ·éUUUÀ Õ‘¿ð ¹ðÜÙð ·ðUUU çÜ° ÕæãÚ ÁæÌð ãñ¢Ð 7 Õ‘¿ð ç·UUUUÌæÕð¢ ÂÉ¸Ùð ·ðUUU çÜ° ¥¢ÎÚ ÚãÌð ãñ¢Ð ç·UUUUÌÙð Õ‘¿ð ÕæãÚ ãñ¢?	7	9	13	16	children	children	children	children	16 = <9> + 7	2	9	7	0	0					wordwindow-stone-yellow.png	wordwindow-stone-red.png		
en-US	15	3	1	5	"मेगन ने दोस्तों और परिवार को १४ पत्र लिखे। ७ पत्र उसके दोस्तों के लिए हैं और बाकी उसके परिवार के लिए हैं। उसके परिवार के लिए कितने पत्र हैं?"	×ð»Ù Ùð ÎôSÌô¢ ¥æñÚ ÂçÚßæÚ ·UUUUô 14 Â˜æ çÜ¹ðÐ 7 Â˜æ ©â·ðUUU ÎôSÌô¢ ·ðUUU çÜ° ãñ¢ ¥æñÚ Õæ·UUUè ©â·ðUUU ÂçÚßæÚ ·ðUUU çÜ° ãñ¢Ð ©â·ðUUU ÂçÚßæÚ ·ðUUU çÜ° ç·UUUUÌÙð Â˜æ ãñ¢?	4	7	10	14	letters	letters	letters	letters	14 = 7 + <7>	2	7	7	0	0					wordwindow-stone-blue.png	wordwindow-stone-yellow.png		
en-US	15	3	2	5	"ज़च के पास १७ जन्मदिन के तोहफे हैं। ९ तोहफे उसके परिवार के हैं और बाकी उसके दोस्तों के हैं। उसके दोस्तों से कितने उपहार हैं?"	Á¸¿ ·ðUUU Âæâ 17 Á‹×çÎÙ ·ðUUU ÌôãÈðUUU ãñ¢Ð 9 ÌôãÈðUUU ©â·ðUUU ÂçÚßæÚ ·ðUUU ãñ¢ ¥æñÚ Õæ·UUUè ©â·ðUUU ÎôSÌô¢ ·ðUUU ãñ¢Ð ©â·ðUUU ÎôSÌô¢ âð ç·UUUUÌÙð ©ÂãæÚ ãñ¢?	7	8	9	10	gifts	gifts	gifts	gifts	17 = 9 + <8>	2	9	8	0	0					wordwindow-stone-yellow.png	wordwindow-stone-blue.png		
en-US	15	3	3	5	"टेनिस टीम में १२ खिलाड़ी हैं। खिलाड़यिों में से ६ लड़कियां हैं। कुछ लडक़े हैं। कितने टेनिस खिलाड़ी लडक़े हैं?"	ÅðçÙâ Åè× ×ð¢ 12 ç¹ÜæÇ¸è ãñ¢Ð ç¹ÜæÇ¸çØô¢ ×ð¢ âð 6 ÜÇ¸ç·UUUUØæ¢ ãñ¢Ð ·éUUUÀ ÜÇ¸·ðUUU ãñ¢Ð ç·UUUUÌÙð ÅðçÙâ ç¹ÜæÇ¸è ÜÇ¸·ðUUU ãñ¢?	2	6	10	12	boys	boys	boys	boys	12 = 6 + <6>	2	6	6	0	0					wordwindow-stone-blue.png	wordwindow-stone-red.png		
en-US	15	3	4	5	"लकड़ी का 1 टुकड़ा १३ इंच लंबा होता है। इसे दो भागों में काटा जाता है। 1 भाग ६ इंच लंबा है। दूसरा भाग कितना लंबा है?"	Ü·UUUUÇ¸è ·UUUæ 1 Åé·UUUUÇ¸æ 13 §¢¿ Ü¢Õæ ãôÌæ ãñÐ §âð Îô Öæ»ô¢ ×ð¢ ·UUUæÅæ ÁæÌæ ãñÐ 1 Öæ» 6 §¢¿ Ü¢Õæ ãñÐ ÎêâÚæ Öæ» ç·UUUUÌÙæ Ü{Õæ ãñ?	6	7	8	9	inches	inches	inches	inches	13 = 6 + <7>	2	6	7	0	0					wordwindow-stone-green.png	wordwindow-stone-red.png		
en-US	15	3	5	5	"सुश्री डॉसन की कक्षा में १२ छात्र हैं। कुछ छात्र अनुपस्थित हैं और ७ छात्र उपस्थित हैं। कितने छात्र अनुपस्थित हैं?"	âéŸæè ÇæòâÙ ·UUUè ·UUUUÿææ ×ð¢ 12 Àæ˜æ ãñ¢Ð ·éUUUÀ Àæ˜æ ¥ÙéÂçSÍÌ ãñ¢ ¥æñÚ 7 Àæ˜æ ©ÂçSÍÌ ãñ¢Ð ç·UUUUÌÙð Àæ˜æ ¥ÙéÂçSÍÌ ãñ¢?	5	7	9	12	students	students	students	students	12 = <5> + 7	1	5	7	0	0					wordwindow-stone-yellow.png	wordwindow-stone-green.png		
en-US	16	1	1	3	"एली ने आम के २ बॉक्स खरीदे। प्रत्येक बॉक्स में ४ आम हैं। उसने कितने आम खरीदे?"	°Üè Ùð ¥æ× ·ðUUU 2 Õæòvâ ¹ÚèÎðÐ ÂýˆØð·UUUU Õæòvâ ×ð¢ 4 ¥æ× ãñ¢Ð ©âÙð ç·UUUUÌÙð ¥æ× ¹ÚèÎð?	4	8	12	16	mangoes	mangoes	mangoes	mangoes	2 X 4 = <8>	2	2	4	0	0					wordwindow-stone-blue.png	wordwindow-stone-green.png		
en-US	16	1	2	3	"माइक के पास ३ जोड़ी मोजे हैं। प्रत्येक जोड़ी में २ मोजे हैं। माइक के पास कितने मोजे हैं?"	×æ§·UUUU ·ðUUU Âæâ 3 ÁôÇ¸è ×ôÁð ãñ¢Ð ÂýˆØð·UUUU ÁôÇ¸è ×ð¢ 2 ×ôÁð ãñ¢Ð ×æ§·UUUU ·ðUUU Âæâ ç·UUUUÌÙð ×ôÁð ãñ¢?	3	6	9	12	socks	socks	socks	socks	3 X 2 = <6>	2	3	2	0	0					wordwindow-stone-red.png	wordwindow-stone-yellow.png		
en-US	16	1	3	3	"जेन ने फ्लॉवर पॉट में ३ फूलों की गिनती की। प्रत्येक फूल में ५ पंखुड़यिाँ होती हैं। सभी में कितनी पंखुड़यिाँ हैं?"	ÁðÙ Ùð xÜæòßÚ ÂæòÅ ×ð¢ 3 ÈêUUUÜô¢ ·UUUè ç»ÙÌè ·UUUèÐ ÂýˆØð·UUUU ÈêUUUÜ ×ð¢ 5 Â¢¹éÇ¸çØæ¡ ãôÌè ãñ¢Ð âÖè ×ð¢ ç·UUUUÌÙè Â¢¹éÇ¸çØæ¡ ãñ¢?	5	10	15	20	petals	petals	petals	petals	3 X 5 = <15>	3	3	5	0	0					wordwindow-stone-yellow.png	wordwindow-stone-red.png		
en-US	16	1	4	3	"1 मधुमक्खी के ६ पैर होते हैं। २ मधुमक्खियों के कितने पैर होते हैं?"	1 ×Ïé×v¹è ·ðUUU 6 ÂñÚ ãôÌð ãñ¢Ð 2 ×Ïé×çv¹Øô¢ ·ðUUU ç·UUUUÌÙð ÂñÚ ãôÌð ãñ¢?	4	8	12	16	legs	legs	legs	legs	2 X 6 = <12>	3	2	6	0	0					wordwindow-stone-red.png	wordwindow-stone-blue.png		
en-US	16	1	5	3	"सैली को 1 मील चलने के लिए ७ मिनट लगते हैं। ४ मील चलने में उसे कितना समय लगेगा?"	âñÜè ·UUUUô 1 ×èÜ ¿ÜÙð ·ðUUU çÜ° 7 ç×ÙÅ Ü»Ìð ãñ¢Ð 4 ×èÜ ¿ÜÙð ×ð¢ ©âð ç·UUUUÌÙæ â×Ø Ü»ð»æ?	7	14	28	35	minutes	minutes	minutes	minutes	4 X 7 = <28>	3	4	7	0	0					wordwindow-stone-blue.png	wordwindow-stone-red.png		
en-US	16	2	1	3	"चरागाह में ३ भेड़ें हैं। प्रत्येक भेड़ के ४ बच्चे होते हैं। चरागाह में कितने मेमने हैं?"	¿Úæ»æã ×ð¢ 3 ÖðÇ¸ð¢ ãñ¢Ð ÂýˆØð·UUUU ÖðÇ¸ ·ðUUU 4 Õ‘¿ð ãôÌð ãñ¢Ð ¿Úæ»æã ×ð¢ ç·UUUUÌÙð ×ð×Ùð ãñ¢?	6	9	12	15	lambs	lambs	lambs	lambs	3 X 4 = <12>	3	3	4	0	0					wordwindow-stone-yellow.png	wordwindow-stone-green.png		
en-US	16	2	2	3	"1 बतख के २ पैर होते हैं। ३ बतख के कितने पैर हैं?"	1 Õ}æ¹ ·ðUUU 2 ÂñÚ ãôÌð ãñ¢Ð 3 ÕÌ¹ ·ðUUU ç·UUUUÌÙð ÂñÚ ãñ¢?	3	6	9	12	legs	legs	legs	legs	3 X 2 = <6>	2	3	2	0	0					wordwindow-stone-green.png	wordwindow-stone-red.png		
en-US	16	2	3	3	"खेत पर २ वैगन हैं। प्रत्येक वैगन में ८ बच्चे होते हैं। कितने बच्चे वैगनों में हैं?"	¹ðÌ ÂÚ 2 ßñ»Ù ãñ¢Ð ÂýˆØð·UUUU ßñ»Ù ×ð¢ 8 Õ‘¿ð ãôÌð ãñ¢Ð ç·UUUUÌÙð Õ‘¿ð ßñ»Ùô¢ ×ð¢ ãñ¢?	4	8	12	16	children	children	children	children	2 X 8 = <16>	4	2	8	0	0					wordwindow-stone-yellow.png	wordwindow-stone-blue.png		
en-US	16	2	4	3	"किट, रूथ और डीन ने पिज़्ज़ा के २ स्लाइस खाए। पिज़्ज़ा के कितने स्लाइस उन्होंने सभी में खाए?"	ç·UUUUÅ, MUUUUÍ ¥æñÚ ÇèÙ Ùð çÂÊÊææ ·ðUUU 2 SÜæ§â ¹æ°Ð çÂÊÊææ ·ðUUU ç·UUUUÌÙð SÜæ§â ©‹ãô¢Ùð âÖè ×ð¢ ¹æ°?	3	6	12	15	slices	slices	slices	slices	3 X 2 = <6>	2	3	2	0	0					wordwindow-stone-blue.png	wordwindow-stone-yellow.png		
en-US	16	2	5	3	"शेल्ली ने डोनट्स के ४ बॉक्स खरीदे। प्रत्येक बॉक्स में ५ डोनट्स होते हैं। उसने कुल कितने डोनट्स खरीदे?"	àæðËÜè Ùð ÇôÙÅ÷â ·ðUUU 4 Õæòvâ ¹ÚèÎðÐ ÂýˆØð·UUUU Õæòvâ ×ð¢ 5 ÇôÙÅ÷â ãôÌð ãñ¢Ð ©âÙð ·éUUUÜ ç·UUUUÌÙð ÇôÙÅ÷â ¹ÚèÎð?	5	15	20	30	donuts	donuts	donuts	donuts	4 X 5 = <20>	3	4	5	0	0					wordwindow-stone-red.png	wordwindow-stone-green.png		
en-US	16	3	1	3	"माइक के पास ३ जोड़ी मोजे हैं। प्रत्येक जोड़ी में २ मोजे हैं। माइक के पास कितने मोजे हैं?"	×æ§·UUUU ·ðUUU Âæâ 3 ÁôÇ¸è ×ôÁð ãñ¢Ð ÂýˆØð·UUUU ÁôÇ¸è ×ð¢ 2 ×ôÁð ãñ¢Ð ×æ§·UUUU ·ðUUU Âæâ ç·UUUUÌÙð ×ôÁð ãñ¢?	3	6	9	12	socks	socks	socks	socks	3 X 2 = <6>	2	3	2	0	0					wordwindow-stone-red.png	wordwindow-stone-yellow.png		
en-US	16	3	2	3	"चरागाह में ३ भेड़ें हैं। प्रत्येक भेड़ के ४ बच्चे होते हैं। चरागाह में कितने मेमने हैं?"	¿Úæ»æã ×ð¢ 3 ÖðÇ¸ð¢ ãñ¢Ð ÂýˆØð·UUUU ÖðÇ¸ ·ðUUU 4 Õ‘¿ð ãôÌð ãñ¢Ð ¿Úæ»æã ×ð¢ ç·UUUUÌÙð ×ð×Ùð ãñ¢?	6	9	12	15	lambs	lambs	lambs	lambs	3 X 4 = <12>	3	3	4	0	0					wordwindow-stone-yellow.png	wordwindow-stone-green.png		
en-US	16	3	3	3	"एली ने आम के २ बॉक्स खरीदे। प्रत्येक बॉक्स में ४ आम हैं। उसने कितने आम खरीदे?"	°Üè Ùð ¥æ× ·ðUUU 2 Õæòvâ ¹ÚèÎðÐ ÂýˆØð·UUUU Õæòvâ ×ð¢ 4 ¥æ× ãñ¢Ð ©âÙð ç·UUUUÌÙð ¥æ× ¹ÚèÎð?	4	8	12	16	mangoes	mangoes	mangoes	mangoes	2 X 4 = <8>	2	2	4	0	0					wordwindow-stone-blue.png	wordwindow-stone-green.png		
en-US	16	3	4	3	"खेत पर २ वैगन हैं। प्रत्येक वैगन में ८ बच्चे होते हैं। कितने बच्चे वैगनों में हैं?"	¹ðÌ ÂÚ 2 ßñ»Ù ãñ¢Ð ÂýˆØð·UUUU ßñ»Ù ×ð¢ 8 Õ‘¿ð ãôÌð ãñ¢Ð ç·UUUUÌÙð Õ‘¿ð ßñ»Ùô¢ ×ð¢ ãñ¢?	4	8	12	16	children	children	children	children	2 X 8 = <16>	4	2	8	0	0					wordwindow-stone-yellow.png	wordwindow-stone-blue.png		
en-US	16	3	5	3	"सैली को 1 मील चलने के लिए ७ मिनट लगते हैं। ४ मील चलने में उसे कितना समय लगेगा?"	âñÜè ·UUUUô 1 ×èÜ ¿ÜÙð ·ðUUU çÜ° 7 ç×ÙÅ Ü»Ìð ãñ¢Ð 4 ×èÜ ¿ÜÙð ×ð¢ ©âð ç·UUUUÌÙæ â×Ø Ü»ð»æ?	7	14	28	35	minutes	minutes	minutes	minutes	4 X 7 = <28>	3	4	7	0	0					wordwindow-stone-blue.png	wordwindow-stone-red.png		
en-US	17	1	1	5	"२ बच्चे ८ मिठाई समान रूप से साझा करते हैं। प्रत्येक बच्चे को कितनी मिठाई मिलती है?"	2 Õ‘¿ð 8 ç×Ææ§ü â×æÙ MUUUUÂ âð âæÛææ ·UUUUÚÌð ãñ¢Ð ÂýˆØð·UUUU Õ‘¿ð ·UUUUô ç·UUUUÌÙè ç×Ææ§ü ç×ÜÌè ãñ?	2	4	6	8	sweets	sweets	sweets	sweets	8 = <4> + <4>	2	4	4	0	0					wordwindow-stone-red.png	wordwindow-stone-yellow.png		
en-US	17	1	2	5	"आप और आपकी बहन समान रूप से चिप्स के १० बैग साझा करते हैं। चिप्स के कितने बैग प्रत्येक को मिलेंगे?"	¥æÂ ¥æñÚ ¥æÂ·UUUè ÕãÙ â×æÙ MUUUUÂ âð ç¿Œâ ·ðUUU 10 Õñ» âæÛææ ·UUUUÚÌð ãñ¢Ð ç¿Œâ ·ðUUU ç·UUUUÌÙð Õñ» ÂýˆØð·UUUU ·UUUUô ç×Üð¢»ð?	2	3	5	10	bags	bags	bags	bags	10 = <5> + <5>	3	5	5	0	0					wordwindow-stone-red.png	wordwindow-stone-blue.png		
en-US	17	1	3	5	"1 किसान के पास १६ अंडे हैं और वो उन्हें समान रूप से २ बक्से में रखता है। प्रत्येक बॉक्स में कितने अंडे हैं?"	1 ç·UUUUâæÙ ·ðUUU Âæâ 16 ¥¢Çð ãñ¢ ¥æñÚ ßô ©‹ãð¢ â×æÙ MUUUUÂ âð 2 Õvâð ×ð¢ Ú¹Ìæ ãñÐ ÂýˆØð·UUUU Õæòvâ ×ð¢ ç·UUUUÌÙð ¥¢Çð ãñ¢?	2	4	8	16	eggs	eggs	eggs	eggs	16 = <8> + <8>	3	8	8	0	0					wordwindow-stone-blue.png	wordwindow-stone-green.png		
en-US	17	1	4	5	"३ मित्र समान रूप से १२ कैंडी साझा करते हैं। प्रत्येक मित्र को कितने कैंडी मिलेंगे?"	3 ç×˜æ â×æÙ MUUUUÂ âð 12 ·ñ¢UUUÇè âæÛææ ·UUUUÚÌð ãñ¢Ð ÂýˆØð·UUUU ç×˜æ ·UUUUô ç·UUUUÌÙð ·ñ¢UUUÇè ç×Üð¢»ð?	3	4	5	6	candies	candies	candies	candies	12 = <4> + <4> + <4>	2	4	4	4	0					wordwindow-stone-green.png	wordwindow-stone-red.png	wordwindow-stone-yellow.png		
en-US	17	1	5	5	"२० छात्रों को शिक्षक द्वारा ४ समूहों में समान रूप से विभाजित किया गया था। प्रत्येक समूह में कितने छात्र हैं?"	20 Àæ˜æô¢ ·UUUUô çàæÿæ·UUUU mæÚæ 4 â×êãô¢ ×ð¢ â×æÙ MUUUUÂ âð çßÖæçÁÌ ç·UUUUØæ »Øæ ÍæÐ ÂýˆØð·UUUU â×êã ×ð¢ ç·UUUUÌÙð Àæ˜æ ãñ¢?	5	10	15	20	students	students	students	students	20 = <5> + <5> + <5> + <5>	1	5	5	5	5					wordwindow-stone-blue.png	wordwindow-stone-red.png	wordwindow-stone-green.png	wordwindow-stone-yellow.png		
en-US	17	2	1	5	"सारा ने ६ फूल चुने। उसने फूलों की समान मात्रा में २ फूलदानों में डाल दी। प्रत्येक फूलदान में उसने कितने फूल डालें ?"	âæÚæ Ùð 6 ÈêUUUÜ ¿éÙðÐ ©âÙð ÈêUUUÜô¢ ·UUUè â×æÙ ×æ˜ææ ×ð¢ 2 ÈêUUUÜÎæÙô¢ ×ð¢ ÇæÜ ÎèÐ ÂýˆØð·UUUU ÈêUUUÜÎæÙ ×ð¢ ©âÙð ç·UUUUÌÙð ÈêUUUÜ ÇæÜð¢ ?	2	3	5	6	flowers	flowers	flowers	flowers	6 = <3> + <3>	2	3	3	0	0					wordwindow-stone-yellow.png	wordwindow-stone-blue.png		
en-US	17	2	2	5	"आप और आपकी बहन समान रूप से चिप्स के १० बैग साझा करते हैं। चिप्स के कितने बैग प्रत्येक को मिलेंगे?"	¥æÂ ¥æñÚ ¥æÂ·UUUè ÕãÙ â×æÙ MUUUUÂ âð ç¿Œâ ·ðUUU 10 Õñ» âæÛææ ·UUUUÚÌð ãñ¢Ð ç¿Œâ ·ðUUU ç·UUUUÌÙð Õñ» ÂýˆØð·UUUU ·UUUUô ç×Üð¢»ð?	2	3	5	10	bags	bags	bags	bags	10 = <5> + <5>	3	5	5	0	0					wordwindow-stone-red.png	wordwindow-stone-blue.png		
en-US	17	2	3	5	"मिरांडा ने १८ ब्राउनीज़ को बेक किया। उसने २ प्लेटों पर समान संख्या में ब्राउनीज़ रखी। प्रत्येक प्लेट पर कितने ब्राउनी होते हैं?"	ç×Úæ¢Çæ Ùð 18 Õýæ©ÙèÊæ ·UUUUô Õð·UUUU ç·UUUUØæÐ ©âÙð 2 ŒÜðÅô¢ ÂÚ â×æÙ â¢wØæ ×ð¢ Õýæ©ÙèÊæ Ú¹èÐ ÂýˆØð·UUUU ŒÜðÅ ÂÚ ç·UUUUÌÙð Õýæ©Ùè ãôÌð ãñ¢??	2	8	9	18	brownies	brownies	brownies	brownies	18 = <9> + <9>	3	9	9	0	0					wordwindow-stone-yellow.png	wordwindow-stone-green.png	wordwindow-stone-blue.png	
en-US	17	2	4	5	"श्री सिम्पसन की कक्षा में १८ पुस्तकें हैं। वह उन्हें ३ अलमारियों पर समान रूप से रखते है। प्रत्येक अलमारी पर कितनी किताबें रखी हुई हैं?"	Ÿæè çâ{ÂâÙ ·UUUè ·UUUUÿææ ×ð¢ 18 ÂéSÌ·ð¢UUU ãñ¢Ð ßã ©‹ãð¢ 3 ¥Ü×æçÚØô¢ ÂÚ â×æÙ MUUUUÂ âð Ú¹Ìð ãñÐ ÂýˆØð·UUUU ¥Ü×æÚè ÂÚ ç·UUUUÌÙè ç·UUUUÌæÕð¢ Ú¹è ãé§ü ãñ¢?	3	6	16	18	books	books	books	books	18 = <6> + <6> + <6>	2	6	6	6	0					wordwindow-stone-yellow.png	wordwindow-stone-red.png	wordwindow-stone-green.png	
en-US	17	2	5	5	"मार्को ने १२ मछलियाँ खरीदीं। उसने मछलियों की संख्या ४ टैंकों में बराबर कर दी। प्रत्येक टैंक में कितनी मछलियाँ हैं?"	×æ·UUUUôü Ùð 12 ×ÀçÜØæ¡ ¹ÚèÎè¢Ð ©âÙð ×ÀçÜØô¢ ·UUUè â¢wØæ 4 Åñ¢·UUUUô¢ ×ð¢ ÕÚæÕÚ ·UUUUÚ ÎèÐ ÂýˆØð·UUUU Åñ¢·UUUU ×ð¢ ç·UUUUÌÙè ×ÀçÜØæ¡ ãñ¢?	3	4	9	12	fish	fish	fish	fish	12 = <3> + <3> + <3> + <3>	1	3	3	3	3					wordwindow-stone-blue.png	wordwindow-stone-yellow.png	wordwindow-stone-red.png	wordwindow-stone-green.png		
en-US	17	3	1	5	"आप और आपकी बहन समान रूप से चिप्स के १० बैग साझा करते हैं। चिप्स के कितने बैग प्रत्येक को मिलेंगे?"	¥æÂ ¥æñÚ ¥æÂ·UUUè ÕãÙ â×æÙ MUUUUÂ âð ç¿Œâ ·ðUUU 10 Õñ» âæÛææ ·UUUUÚÌð ãñ¢Ð ç¿Œâ ·ðUUU ç·UUUUÌÙð Õñ» ÂýˆØð·UUUU ·UUUUô ç×Üð¢»ð?	2	3	5	10	bags	bags	bags	bags	10 = <5> + <5>	3	5	5	0	0					wordwindow-stone-red.png	wordwindow-stone-blue.png		
en-US	17	3	2	5	"सारा ने ६ फूल चुने। उसने फूलों की समान मात्रा में २ फूलदानों में डाल दी। प्रत्येक फूलदान में उसने कितने फूल डालें ?"	âæÚæ Ùð 6 ÈêUUUÜ ¿éÙðÐ ©âÙð ÈêUUUÜô¢ ·UUUè â×æÙ ×æ˜ææ ×ð¢ 2 ÈêUUUÜÎæÙô¢ ×ð¢ ÇæÜ ÎèÐ ÂýˆØð·UUUU ÈêUUUÜÎæÙ ×ð¢ ©âÙð ç·UUUUÌÙð ÈêUUUÜ ÇæÜð¢ ?	2	3	5	6	flowers	flowers	flowers	flowers	6 = <3> + <3>	2	3	3	0	0					wordwindow-stone-yellow.png	wordwindow-stone-blue.png		
en-US	17	3	3	5	"1 किसान के पास १६ अंडे हैं और वो उन्हें समान रूप से २ बक्से में रखता है। प्रत्येक बॉक्स में कितने अंडे हैं?"	1 ç·UUUUâæÙ ·ðUUU Âæâ 16 ¥¢Çð ãñ¢ ¥æñÚ ßô ©‹ãð¢ â×æÙ MUUUUÂ âð 2 Õvâð ×ð¢ Ú¹Ìæ ãñÐ ÂýˆØð·UUUU Õæòvâ ×ð¢ ç·UUUUÌÙð ¥¢Çð ãñ¢?	2	4	8	16	eggs	eggs	eggs	eggs	16 = <8> + <8>	3	8	8	0	0					wordwindow-stone-blue.png	wordwindow-stone-green.png		
en-US	17	3	4	5	"शेन ने 1 पेड़ से ६ आम निकाले। उन्होंने आमों की 1 समान संख्या को ३ बक्से में रखा। प्रत्येक बॉक्स में उसने कितने आम रखे?"	àæðÙ Ùð 1 ÂðÇ¸ âð 6 ¥æ× çÙ·UUUæÜðÐ ©‹ãô¢Ùð ¥æ×ô¢ ·UUUè 1 â×æÙ â¢wØæ ·UUUUô 3 Õvâð ×ð¢ Ú¹æÐ ÂýˆØð·UUUU Õæòvâ ×ð¢ ©âÙð ç·UUUUÌÙð ¥æ× Ú¹ð??	2	3	5	6	mangoes	mangoes	mangoes	mangoes	6 = <2> + <2> + <2>	1	2	2	2	0					wordwindow-stone-red.png	wordwindow-stone-green.png	wordwindow-stone-blue.png		
en-US	17	3	5	5	"२० छात्रों को शिक्षक द्वारा ४ समूहों में समान रूप से विभाजित किया गया था। प्रत्येक समूह में कितने छात्र हैं?"	20 Àæ˜æô¢ ·UUUUô çàæÿæ·UUUU mæÚæ 4 â×êãô¢ ×ð¢ â×æÙ MUUUUÂ âð çßÖæçÁÌ ç·UUUUØæ »Øæ ÍæÐ ÂýˆØð·UUUU â×êã ×ð¢ ç·UUUUÌÙð Àæ˜æ ãñ¢?	5	10	15	20	students	students	students	students	20 = <5> + <5> + <5> + <5>	1	5	5	5	5					wordwindow-stone-blue.png	wordwindow-stone-red.png	wordwindow-stone-green.png	wordwindow-stone-yellow.png		
