#							
# CurriculumData.tsv for phase 2							Video와Book은0
# KitkitSchool on Apr 30, 2018							Book 중Comprehensive는해당숫자표시
#							math Egg Quiz 넣음
# Copyright (c) 2016 Enuma, Inc. All rights reserved.							명칭은kitkit courese sep v3와CurriculumData참고하여작성
# See LICENSE.md for more details.							Book A,B,C...은게임으로인지함
#							수정사항들
게임이름 공백 삭제							
#레벨데이터를변경하려면:							게임이름 대소문자 구분
# 우선Google Spreadsheet상에서이파일을수정한후에							multitrace -> LetterTracingCard
# File > Download as > Tab-separated values (.tsv)를선택합니다.							NumberTracingExt ->NumberTracingExt
# 다운로드한파일이름을CurriculumData.tsv으로변경합니다.							swahili 3 day 30이 잘못되어 삭제함
# "${XPRIZE_PATH}/Resources/”에tsv파일을복사해넣습니다.							category M이어야하는 부분 수정(math와 preschool2)
# "${XPRIZE_PATH}/Resources/Games/AnimalPuzzle"에는이미지파일을복사해넣습니다.							preschool2 카테고리레벨 2로 수정
#							
							
#level	#LanguageTag	#levelTitle	#category	#categoryLevel	#numDays		
#test							
#day	dayOrder	#numGames					
#game	#gameName	#gameLevel	#gameParam				


level	en-US	PreSchool	L	0	5
day	1	3
game	TutorialTrace	1	x
game	LetterMatching	1	x
game	AnimalPuzzle	1	x
day	2	3
game	AnimalPuzzle	2	x
game	LetterMatching	1	x
game	TutorialTrace	2	x
day	3	3
game	TutorialTrace	1	x
game	AnimalPuzzle	3	x
game	LetterMatching	2	x
day	4	3
game	AnimalPuzzle	1	x
game	TutorialTrace	2	x
game	LetterMatching	2	x
day	5	3
game	TutorialTrace	3	x
game	AnimalPuzzle	2	x
game	LetterMatching	3	x

level	en-US	English 1	L	1	9
day	1	5
game	AlphabetPuzzle	1	x
game	Video	0	en_vdo_abc
game	LetterTrace	1	x
game	LetterMatching	4	x
game	AnimalPuzzle	5	x
day	2	5
game	AlphabetPuzzle	1	x
game	Video	0	en_vdo_vowel
game	LetterTrace	2	x
game	LetterMatching	5	x
game	AnimalPuzzle	6	x
day	3	5
game	AlphabetPuzzle	2	x
game	Video	0	en_vdo_1025
game	LetterTrace	1	x
game	LetterMatching	4	x
game	AnimalPuzzle	7	x
day	4	5
game	AlphabetPuzzle	1	x
game	Video	0	en_vdo_abc
game	LetterTrace	2	x
game	LetterMatching	5	x
game	AnimalPuzzle	8	x
day	5	5
game	AlphabetPuzzle	2	x
game	Video	0	en_vdo_1025
game	LetterTrace	3	x
game	LetterMatching	6	x
game	AnimalPuzzle	5	x
day	6	5
game	AlphabetPuzzle	2	x
game	Video	0	en_vdo_vowel
game	LetterTrace	4	x
game	LetterMatching	7	x
game	AnimalPuzzle	6	x
day	7	5
game	AlphabetPuzzle	1	x
game	Video	0	en_vdo_abc
game	LetterTrace	1	x
game	LetterMatching	6	x
game	AnimalPuzzle	7	x
day	8	5
game	AlphabetPuzzle	1	x
game	Video	0	en_vdo_vowel
game	LetterTrace	2	x
game	LetterMatching	7	x
game	AnimalPuzzle	8	x
day	9	1
game	EggQuizLiteracy	0	PostTest_1

level	en-US	Special Course	L	10	25
day	1	6
game	Video	0	en_vdo_upperlowercase
game	AlphabetPuzzle	1	x
game	LetterMatching	8	x
game	LetterTrace	3	x
game	LetterTrace	4	x
game	EggQuizLiteracy	0	SpecialTest_1
day	2	6
game	Video	0	en_vdo_1025
game	SoundTrain	1	x
game	SoundTrain	2	x
game	SoundTrain	3	x
game	SoundTrain	4	x
game	EggQuizLiteracy	0	SpecialTest_2
day	3	5
game	Video	0	en_vdo_1026
game	WordMatrix	6	x
game	WordNote	3	x
game	WordMatrix	8	x
game	EggQuizLiteracy	0	SpecialTest_3
day	4	6
game	Video	0	en_vdo_sc_initialsound
game	BirdPhonics	1	x
game	WordMatrix	9	x
game	BirdPhonics	2	x
game	BirdPhonics	4	x
game	EggQuizLiteracy	0	SpecialTest_4
day	5	5
game	Video	0	en_vdo_ub_fifteen_14
game	BirdPhonics	10	x
game	BirdPhonics	13	x
game	WordMatrix	11	x
game	EggQuizLiteracy	0	SpecialTest_5
day	6	5
game	Video	0	en_vdo_202_t_caption
game	Book	0	en_202
game	WordKicker	13	x
game	Book	0	en_345
game	EggQuizLiteracy	0	SpecialTest_6
day	7	5
game	Video	0	en_vdo_302_t_caption
game	Book	0	en_302
game	WordKicker	14	x
game	Labeling	22	x
game	EggQuizLiteracy	0	SpecialTest_7
day	8	5
game	Book	0	en_206
game	WordKicker	3	x
game	Book	0	en_332
game	Labeling	3	x
game	EggQuizLiteracy	0	SpecialTest_8
day	9	5
game	Video	0	en_vdo_ub_fifteen_4
game	WhatIsThis	8	x
game	WordKicker	16	x
game	Book	0	en_349
game	EggQuizLiteracy	0	SpecialTest_9
day	10	5
game	Video	0	en_vdo_301_t_caption
game	WordKicker	19	x
game	WhatIsThis	10	x
game	WordKicker	20	x
game	EggQuizLiteracy	0	SpecialTest_10
day	11	5
game	Video	0	en_vdo_1027
game	SoundTrain	6	x
game	SoundTrain	8	x
game	WordNote	11	x
game	EggQuizLiteracy	0	SpecialTest_11
day	12	5
game	Video	0	en_vdo_1028
game	WordKicker	7	x
game	Labeling	15	x
game	SentenceBridge	6	x
game	EggQuizLiteracy	0	SpecialTest_12
day	13	6
game	Video	0	en_vdo_ub_fifteen_8
game	WordKicker	1	x
game	WhatIsThis	5	x
game	Book	0	en_334
game	Labeling	17	x
game	EggQuizLiteracy	0	SpecialTest_13
day	14	5
game	Video	0	en_vdo_1029
game	WordMatrix	33	x
game	ReadingBird	2	x
game	ReadingBird	3	x
game	EggQuizLiteracy	0	SpecialTest_14
day	15	5
game	Video	0	en_vdo_sc_syllable
game	SoundTrain	11	x
game	WordNote	12	x
game	WordNote	19	x
game	EggQuizLiteracy	0	SpecialTest_15
day	16	6
game	Video	0	en_vdo_1033
game	WordTracing	1	x
game	WordTracing	2	x
game	SentenceBridge	7	x
game	Video	0	en_vdo_1045
game	EggQuizLiteracy	0	SpecialTest_16
day	17	5
game	Video	0	en_vdo_uppercase
game	SentenceBridge	8	x
game	SentenceBridge	10	x
game	SentenceBridge	12	x
game	EggQuizLiteracy	0	SpecialTest_17
day	18	5
game	Video	0	en_vdo_sc_sentence
game	SentenceBridge	5	x
game	SentenceMaker	4	x
game	WordKicker	9	x
game	EggQuizLiteracy	0	SpecialTest_18
day	19	5
game	Video	0	en_vdo_1034
game	SentenceBridge	11	x
game	SentenceBridge	13	x
game	SentenceBridge	22	x
game	EggQuizLiteracy	0	SpecialTest_19
day	20	5
game	Video	0	en_vdo_punctuation
game	SentenceBridge	20	x
game	SentenceBridge	21	x
game	SentenceBridge	23	x
game	EggQuizLiteracy	0	SpecialTest_20
day	21	5
game	Video	0	en_vdo_sc_lc
game	LRComprehension	1	x
game	LRComprehension	3	x
game	LRComprehension	11	x
game	EggQuizLiteracy	0	SpecialTest_21
day	22	5
game	Video	0	en_vdo_1030
game	LRComprehension	14	x
game	LRComprehension	28	x
game	LRComprehension	29	x
game	EggQuizLiteracy	0	SpecialTest_22
day	23	5
game	Video	0	en_vdo_201_rt
game	LRComprehension	6	x
game	LRComprehension	7	x
game	LRComprehension	9	x
game	EggQuizLiteracy	0	SpecialTest_23
day	24	5
game	LRComprehension	15	x
game	LRComprehension	16	x
game	LRComprehension	18	x
game	LRComprehension	19	x
game	EggQuizLiteracy	0	SpecialTest_24
day	25	5
game	Video	0	en_vdo_1032
game	LRComprehension	21	x
game	LRComprehension	23	x
game	LRComprehension	26	x
game	EggQuizLiteracy	0	SpecialTest_25

level	en-US	Fish Present	L	11	0

level	en-US	English 2	L	2	27
day	1	4
game	Video	0	en_vdo_ub_a
game	LetterMatching	4	x
game	LetterTracingCard	1	x
game	Book	0	en_a
day	2	4
game	Video	0	en_vdo_ub_b
game	LetterMatching	5	x
game	LetterTracingCard	2	x
game	Book	0	en_b
day	3	4
game	Video	0	en_vdo_ub_c
game	AlphabetPuzzle	1	x
game	LetterTracingCard	3	x
game	Book	0	en_c
day	4	4
game	Video	0	en_vdo_ub_d
game	AlphabetPuzzle	2	x
game	LetterTracingCard	4	x
game	Book	0	en_d
day	5	4
game	Video	0	en_vdo_ub_e
game	LetterTrace	3	x
game	LetterTracingCard	5	x
game	Book	0	en_e
day	6	4
game	Video	0	en_vdo_ub_f
game	LetterTrace	4	x
game	LetterTracingCard	6	x
game	Book	0	en_f
day	7	4
game	Video	0	en_vdo_ub_g
game	LetterMatching	4	x
game	LetterTracingCard	7	x
game	Book	0	en_g
day	8	4
game	Video	0	en_vdo_ub_h
game	LetterMatching	5	x
game	LetterTracingCard	8	x
game	Book	0	en_h
day	9	4
game	Video	0	en_vdo_ub_i
game	LetterMatching	6	x
game	LetterTracingCard	9	x
game	Book	0	en_i
day	10	4
game	Video	0	en_vdo_ub_j
game	LetterMatching	7	x
game	LetterTracingCard	10	x
game	Book	0	en_j
day	11	4
game	Video	0	en_vdo_ub_k
game	AlphabetPuzzle	1	x
game	LetterTracingCard	11	x
game	Book	0	en_k
day	12	4
game	Video	0	en_vdo_ub_l
game	AlphabetPuzzle	2	x
game	LetterTracingCard	12	x
game	Book	0	en_l
day	13	4
game	Video	0	en_vdo_ub_m
game	LetterMatching	6	x
game	LetterTracingCard	13	x
game	Book	0	en_m
day	14	4
game	Video	0	en_vdo_ub_n
game	LetterMatching	7	x
game	LetterTracingCard	14	x
game	Book	0	en_n
day	15	4
game	Video	0	en_vdo_ub_o
game	LetterMatching	4	x
game	LetterTracingCard	15	x
game	Book	0	en_o
day	16	4
game	Video	0	en_vdo_ub_p
game	LetterMatching	5	x
game	LetterTracingCard	16	x
game	Book	0	en_p
day	17	4
game	Video	0	en_vdo_ub_q
game	AlphabetPuzzle	1	x
game	LetterTracingCard	17	x
game	Book	0	en_q
day	18	4
game	Video	0	en_vdo_ub_r
game	AlphabetPuzzle	2	x
game	LetterTracingCard	18	x
game	Book	0	en_r
day	19	4
game	Video	0	en_vdo_ub_s
game	LetterTrace	3	x
game	LetterTracingCard	19	x
game	Book	0	en_s
day	20	4
game	Video	0	en_vdo_ub_t
game	LetterTrace	4	x
game	LetterTracingCard	20	x
game	Book	0	en_t
day	21	4
game	Video	0	en_vdo_ub_u
game	AlphabetPuzzle	1	x
game	LetterTracingCard	21	x
game	Book	0	en_u
day	22	4
game	Video	0	en_vdo_ub_v
game	AlphabetPuzzle	2	x
game	LetterTracingCard	22	x
game	Book	0	en_v
day	23	4
game	Video	0	en_vdo_ub_w
game	LetterMatching	8	x
game	LetterTracingCard	23	x
game	Book	0	en_w
day	24	4
game	Video	0	en_vdo_ub_x
game	LetterMatching	9	x
game	LetterTracingCard	24	x
game	Book	0	en_x
day	25	4
game	Video	0	en_vdo_ub_y
game	LetterTrace	3	x
game	LetterTracingCard	25	x
game	Book	0	en_y
day	26	4
game	Video	0	en_vdo_ub_z
game	LetterTrace	4	x
game	LetterTracingCard	26	x
game	Book	0	en_z
day	27	1
game	EggQuizLiteracy	0	PostTest_2

level	en-US	English 3	L	3	28
day	1	4
game	LetterTrace	5	x
game	Video	0	en_vdo_102
game	SoundTrain	1	x
game	AnimalPuzzle	9	x
day	2	4
game	LetterTrace	6	x
game	Video	0	en_vdo_103
game	SoundTrain	2	x
game	AnimalPuzzle	11	x
day	3	4
game	WordMachine	1	x
game	Video	0	en_vdo_106
game	SoundTrain	3	x
game	AnimalPuzzle	10	x
day	4	4
game	WordMachine	2	x
game	Video	0	en_vdo_112
game	SoundTrain	1	x
game	Spelling	1	x
day	5	5
game	LetterTrace	5	x
game	Book	0	en_101
game	Video	0	en_vdo_1025
game	SoundTrain	2	x
game	Spelling	2	x
day	6	4
game	LetterTrace	6	x
game	Book	0	en_102
game	SoundTrain	3	x
game	Spelling	3	x
day	7	4
game	WordMatrix	1	x
game	Book	0	en_103
game	SoundTrain	4	x
game	Spelling	4	x
day	8	4
game	WordMatrix	2	x
game	Book	0	en_104
game	SoundTrain	5	x
game	AnimalPuzzle	12	x
day	9	5
game	WordMatrix	3	x
game	Book	0	en_105
game	Video	0	en_vdo_1027
game	SoundTrain	6	x
game	AnimalPuzzle	13	x
day	10	4
game	WordMatrix	1	x
game	Book	0	en_106
game	SoundTrain	7	x
game	AnimalPuzzle	14	x
day	11	4
game	WordMatrix	2	x
game	Book	0	en_107
game	SoundTrain	8	x
game	Spelling	1	x
day	12	4
game	WordMatrix	3	x
game	Book	0	en_108
game	SoundTrain	9	x
game	Spelling	2	x
day	13	5
game	WordMatrix	4	x
game	Book	0	en_109
game	Video	0	en_vdo_1027
game	SoundTrain	10	x
game	Spelling	3	x
day	14	4
game	WordMachine	1	x
game	Book	0	en_111
game	SoundTrain	11	x
game	Spelling	4	x
day	15	5
game	WordMachine	2	x
game	Book	0	en_112
game	Video	0	en_vdo_1026
game	SoundTrain	12	x
game	AnimalPuzzle	15	x
day	16	1
game	EggQuizLiteracy	0	MiniTest_3_1
day	17	4
game	WordMatrix	5	x
game	BookWithQuiz	0	en_101
game	SoundTrain	4	x
game	WordNote	1	x
day	18	4
game	WordMatrix	6	x
game	BookWithQuiz	0	en_102
game	SoundTrain	5	x
game	WordNote	2	x
day	19	4
game	WordMatrix	7	x
game	BookWithQuiz	0	en_103
game	SoundTrain	6	x
game	WordNote	3	x
day	20	4
game	WordMatrix	8	x
game	BookWithQuiz	0	en_104
game	SoundTrain	7	x
game	WordNote	1	x
day	21	4
game	WordMatrix	4	x
game	BookWithQuiz	0	en_105
game	SoundTrain	8	x
game	WordNote	2	x
day	22	4
game	WordMatrix	5	x
game	BookWithQuiz	0	en_106
game	SoundTrain	9	x
game	WordNote	3	x
day	23	4
game	WordMatrix	6	x
game	BookWithQuiz	0	en_107
game	SoundTrain	10	x
game	AnimalPuzzle	16	x
day	24	4
game	WordMatrix	7	x
game	BookWithQuiz	0	en_108
game	SoundTrain	11	x
game	AnimalPuzzle	17	x
day	25	4
game	WordMatrix	8	x
game	BookWithQuiz	0	en_109
game	SoundTrain	12	x
game	WordMachine	1	x
day	26	4
game	WordMatrix	9	x
game	BookWithQuiz	0	en_111
game	SoundTrain	13	x
game	WordMachine	2	x
day	27	4
game	WordMatrix	10	x
game	BookWithQuiz	0	en_112
game	SoundTrain	14	x
game	Spelling	4	x
day	28	1
game	EggQuizLiteracy	0	PostTest_3

level	en-US	English 4	L	4	32
day	1	5
game	Spelling	5	x
game	ReadingBird	1	x
game	Video	0	en_vdo_201_rt
game	WordNote	3	x
game	SoundTrain	14	x
day	2	4
game	Spelling	6	x
game	ReadingBird	1	x
game	BookWithQuiz	0	en_201
game	WordMatrix	1	x
day	3	5
game	Spelling	7	x
game	ReadingBird	2	x
game	Video	0	en_vdo_202_t
game	WordMatrix	9	x
game	SoundTrain	15	x
day	4	4
game	Spelling	8	x
game	Video	0	en_vdo_1026
game	BookWithQuiz	0	en_202
game	BirdPhonics	1	x
day	5	5
game	Spelling	9	x
game	ReadingBird	2	x
game	Video	0	en_vdo_203
game	WordMatrix	10	x
game	BirdPhonics	2	x
day	6	4
game	Spelling	10	x
game	WordMatrix	11	x
game	BookWithQuiz	0	en_203
game	BirdPhonics	3	x
day	7	5
game	Spelling	11	x
game	WordMatrix	12	x
game	Video	0	en_vdo_205
game	WordNote	4	x
game	BirdPhonics	4	x
day	8	1
game	EggQuizLiteracy	0	MiniTest_4_1
day	9	4
game	WordMatrix	13	x
game	WordNote	5	x
game	BookWithQuiz	0	en_205
game	BirdPhonics	5	x
day	10	5
game	WordMatrix	14	x
game	ReadingBird	3	x
game	Video	0	en_vdo_209
game	WordNote	6	x
game	BirdPhonics	6	x
day	11	4
game	WordMatrix	15	x
game	WordNote	7	x
game	BookWithQuiz	0	en_209
game	BirdPhonics	7	x
day	12	5
game	WordMatrix	16	x
game	ReadingBird	3	x
game	Book	0	en_204
game	WordNote	8	x
game	BirdPhonics	1	x
day	13	5
game	WordMatrix	17	x
game	ReadingBird	4	x
game	Book	0	en_205
game	WordNote	9	x
game	BirdPhonics	2	x
day	14	5
game	WordMatrix	18	x
game	ReadingBird	4	x
game	Book	0	en_206
game	WordNote	10	x
game	BirdPhonics	3	x
day	15	5
game	WordMatrix	19	x
game	ReadingBird	5	x
game	Book	0	en_207
game	WordNote	11	x
game	SoundTrain	15	x
day	16	1
game	EggQuizLiteracy	0	MiniTest_4_2
day	17	4
game	ReadingBird	5	x
game	Video	0	en_vdo_ub_fifteen_14
game	BookWithQuiz	0	en_204
game	SoundTrain	16	x
day	18	4
game	WordMatrix	20	x
game	Video	0	en_vdo_ub_fifteen_5
game	BookWithQuiz	0	en_205
game	SoundTrain	17	x
day	19	4
game	ReadingBird	6	x
game	BirdPhonics	4	x
game	BookWithQuiz	0	en_206
game	SoundTrain	18	x
day	20	4
game	ReadingBird	6	x
game	BirdPhonics	5	x
game	BookWithQuiz	0	en_207
game	WordMachine	3	x
day	21	4
game	WordMatrix	11	x
game	BirdPhonics	6	x
game	BookWithQuiz	0	en_214
game	WordMachine	4	x
day	22	5
game	WordMatrix	12	x
game	BirdPhonics	7	x
game	Video	0	en_vdo_210
game	WordNote	12	x
game	SoundTrain	19	x
day	23	4
game	WordMatrix	13	x
game	Video	0	en_vdo_ub_fifteen_14
game	BookWithQuiz	0	en_210
game	SoundTrain	20	x
day	24	1
game	EggQuizLiteracy	0	MiniTest_4_3
day	25	5
game	WordMatrix	14	x
game	Spelling	11	x
game	Book	0	en_215
game	WordNote	13	x
game	SoundTrain	21	x
day	26	4
game	WordMatrix	15	x
game	Video	0	en_vdo_ub_fifteen_5
game	BookWithQuiz	0	en_215
game	SoundTrain	20	x
day	27	4
game	WordMatrix	16	x
game	BirdPhonics	8	x
game	BookWithQuiz	0	en_211
game	SoundTrain	21	x
day	28	5
game	WordMatrix	17	x
game	BirdPhonics	9	x
game	Book	0	en_228
game	WordNote	14	x
game	Spelling	12	x
day	29	4
game	WordMatrix	18	x
game	BirdPhonics	10	x
game	BookWithQuiz	0	en_228
game	Spelling	13	x
day	30	5
game	WordMatrix	19	x
game	BirdPhonics	11	x
game	Book	0	en_213
game	WordNote	15	x
game	Spelling	12	x
day	31	4
game	WordMatrix	20	x
game	BirdPhonics	12	x
game	BookWithQuiz	0	en_213
game	Spelling	13	x
day	32	1
game	EggQuizLiteracy	0	PostTest_4

level	en-US	English 5	L	5	28
day	1	5
game	Spelling	14	x
game	Labeling	1	x
game	Video	0	en_vdo_212
game	ReadingBird	7	x
game	BirdPhonics	8	x
day	2	4
game	Spelling	15	x
game	Labeling	4	x
game	BookWithQuiz	0	en_212
game	BirdPhonics	9	x
day	3	5
game	WordMatrix	1	x
game	Labeling	18	x
game	Book	0	en_216
game	ReadingBird	8	x
game	BirdPhonics	10	x
day	4	4
game	WordMatrix	13	x
game	Labeling	2	x
game	BookWithQuiz	0	en_216
game	BirdPhonics	11	x
day	5	5
game	WordMatrix	21	x
game	Labeling	19	x
game	Book	0	en_217
game	WordNote	16	x
game	BirdPhonics	12	x
day	6	4
game	WordMatrix	22	x
game	Labeling	3	x
game	BookWithQuiz	0	en_217
game	BirdPhonics	13	x
day	7	1
game	EggQuizLiteracy	0	MiniTest_5_1
day	8	5
game	WordMatrix	23	x
game	Labeling	17	x
game	Book	0	en_218
game	ReadingBird	7	x
game	WordNote	17	x
day	9	4
game	WordMatrix	24	x
game	Labeling	4	x
game	BookWithQuiz	0	en_218
game	ReadingBird	7	x
day	10	5
game	Spelling	16	x
game	Labeling	5	x
game	Book	0	en_220
game	ReadingBird	8	x
game	BirdPhonics	13	x
day	11	4
game	Video	0	en_vdo_1028
game	Labeling	6	x
game	BookWithQuiz	0	en_220
game	BirdPhonics	14	x
day	12	5
game	WordMatrix	25	x
game	WordNote	18	x
game	Book	0	en_221
game	ReadingBird	9	x
game	BirdPhonics	15	x
day	13	4
game	WordMatrix	26	x
game	ReadingBird	9	x
game	BookWithQuiz	0	en_221
game	BirdPhonics	16	x
day	14	1
game	EggQuizLiteracy	0	MiniTest_5_2
day	15	4
game	WordTracing	1	x
game	WordNote	19	x
game	BookWithQuiz	0	en_222
game	WordKicker	1	x
day	16	4
game	WordTracing	2	x
game	WordNote	20	x
game	BookWithQuiz	0	en_226
game	WordKicker	2	x
day	17	4
game	WordTracing	3	x
game	WordNote	21	x
game	BookWithQuiz	0	en_229
game	WordKicker	3	x
day	18	4
game	WordTracing	4	x
game	WordNote	22	x
game	BookWithQuiz	0	en_230
game	WordKicker	4	x
day	19	4
game	WordNote	23	x
game	Video	0	en_vdo_1028
game	BookWithQuiz	0	en_231
game	WordKicker	5	x
day	20	4
game	WordNote	24	x
game	WordTracing	3	x
game	BookWithQuiz	0	en_227
game	WordKicker	6	x
day	21	4
game	WordNote	25	x
game	WordTracing	4	x
game	BookWithQuiz	0	en_225
game	WordKicker	1	x
day	22	1
game	EggQuizLiteracy	0	MiniTest_5_3
day	23	4
game	Labeling	12	x
game	WordNote	26	x
game	BookWithQuiz	0	en_234
game	WordKicker	2	x
day	24	4
game	Labeling	15	x
game	ReadingBird	10	x
game	BookWithQuiz	0	en_232
game	WordKicker	3	x
day	25	4
game	Labeling	5	x
game	ReadingBird	10	x
game	BookWithQuiz	0	en_233
game	WordKicker	4	x
day	26	4
game	Labeling	9	x
game	ReadingBird	11	x
game	BookWithQuiz	0	en_301
game	WordKicker	5	x
day	27	4
game	Labeling	22	x
game	ReadingBird	11	x
game	BookWithQuiz	0	en_302
game	WordKicker	6	x
day	28	1
game	EggQuizLiteracy	0	PostTest_5

level	en-US	English 6	L	6	30
day	1	4
game	WhatIsThis	1	x
game	Labeling	12	x
game	BookWithQuiz	0	en_304
game	WordMatrix	27	x
day	2	4
game	WhatIsThis	1	x
game	Labeling	7	x
game	BookWithQuiz	0	en_306
game	WordMatrix	28	x
day	3	4
game	WhatIsThis	2	x
game	Labeling	17	x
game	BookWithQuiz	0	en_308
game	WordMatrix	29	x
day	4	4
game	WhatIsThis	2	x
game	Labeling	11	x
game	BookWithQuiz	0	en_305
game	WordMatrix	30	x
day	5	4
game	WhatIsThis	3	x
game	Labeling	2	x
game	BookWithQuiz	0	en_310
game	WordMatrix	31	x
day	6	4
game	WhatIsThis	3	x
game	Labeling	8	x
game	BookWithQuiz	0	en_303
game	WordMatrix	32	x
day	7	1
game	EggQuizLiteracy	0	MiniTest_6_1
day	8	4
game	WordTracing	1	x
game	Labeling	24	x
game	BookWithQuiz	0	en_307
game	SentenceBridge	1	x
day	9	4
game	WordTracing	2	x
game	Labeling	23	x
game	BookWithQuiz	0	en_314
game	SentenceBridge	1	x
day	10	4
game	WordTracing	3	x
game	WhatIsThis	4	x
game	BookWithQuiz	0	en_309
game	SentenceBridge	2	x
day	11	4
game	WordTracing	4	x
game	WhatIsThis	4	x
game	BookWithQuiz	0	en_312
game	SentenceBridge	2	x
day	12	4
game	ReadingBird	12	x
game	WordKicker	7	x
game	BookWithQuiz	0	en_315
game	SentenceBridge	3	x
day	13	4
game	ReadingBird	13	x
game	WordKicker	8	x
game	BookWithQuiz	0	en_316
game	SentenceBridge	3	x
day	14	1
game	EggQuizLiteracy	0	MiniTest_6_2
day	15	4
game	Labeling	16	x
game	WordKicker	9	x
game	BookWithQuiz	0	en_317
game	SentenceBridge	4	x
day	16	4
game	Labeling	7	x
game	WordKicker	10	x
game	BookWithQuiz	0	en_322
game	SentenceBridge	4	x
day	17	4
game	Labeling	10	x
game	WordKicker	7	x
game	BookWithQuiz	0	en_325
game	SentenceBridge	5	x
day	18	4
game	Labeling	8	x
game	WordKicker	8	x
game	BookWithQuiz	0	en_333
game	SentenceBridge	5	x
day	19	4
game	Labeling	24	x
game	WordKicker	9	x
game	BookWithQuiz	0	en_318
game	SentenceBridge	6	x
day	20	4
game	ReadingBird	14	x
game	WordKicker	10	x
game	BookWithQuiz	0	en_323
game	SentenceBridge	6	x
day	21	4
game	ReadingBird	15	x
game	Labeling	6	x
game	BookWithQuiz	0	en_347
game	SentenceBridge	7	x
day	22	1
game	EggQuizLiteracy	0	MiniTest_6_3
day	23	4
game	ReadingBird	12	x
game	SentenceBridge	7	x
game	BookWithQuiz	0	en_324
game	LRComprehension	1	x
day	24	4
game	ReadingBird	13	x
game	WordKicker	11	x
game	BookWithQuiz	0	en_311
game	LRComprehension	2	x
day	25	4
game	ReadingBird	14	x
game	WordKicker	12	x
game	BookWithQuiz	0	en_328
game	Video	0	en_vdo_ub_fifteen_4
day	26	4
game	ReadingBird	15	x
game	WordKicker	13	x
game	BookWithQuiz	0	en_320
game	LRComprehension	3	x
day	27	4
game	Labeling	19	x
game	WordKicker	11	x
game	BookWithQuiz	0	en_326
game	LRComprehension	4	x
day	28	4
game	Labeling	21	x
game	WordKicker	12	x
game	BookWithQuiz	0	en_321
game	Video	0	en_vdo_ub_fifteen_4
day	29	4
game	Labeling	20	x
game	WordKicker	13	x
game	BookWithQuiz	0	en_327
game	LRComprehension	5	x
day	30	1
game	EggQuizLiteracy	0	PostTest_6

level	en-US	English 7	L	7	30
day	1	4
game	Labeling	20	x
game	WhatIsThis	5	x
game	BookWithQuiz	0	en_330
game	Video	0	en_vdo_uppercase
day	2	4
game	Labeling	14	x
game	WhatIsThis	5	x
game	BookWithQuiz	0	en_329
game	Video	0	en_vdo_1033
day	3	4
game	Labeling	13	x
game	WhatIsThis	6	x
game	BookWithQuiz	0	en_331
game	WordKicker	14	x
day	4	4
game	Labeling	10	x
game	WhatIsThis	6	x
game	BookWithQuiz	0	en_332
game	WordKicker	15	x
day	5	4
game	Video	0	en_vdo_1033
game	WhatIsThis	7	x
game	BookWithQuiz	0	en_345
game	WordKicker	16	x
day	6	4
game	Video	0	en_vdo_ub_fifteen_8
game	WhatIsThis	7	x
game	BookWithQuiz	0	en_310
game	WordKicker	17	x
day	7	1
game	EggQuizLiteracy	0	MiniTest_7_1
day	8	4
game	ReadingBird	14	x
game	WordKicker	18	x
game	BookWithQuiz	0	en_348
game	SentenceMaker	1	x
day	9	4
game	ReadingBird	15	x
game	WordKicker	19	x
game	BookWithQuiz	0	en_334
game	SentenceMaker	2	x
day	10	4
game	ReadingBird	16	x
game	WhatIsThis	8	x
game	BookWithQuiz	0	en_337
game	SentenceMaker	3	x
day	11	4
game	Labeling	25	x
game	WhatIsThis	8	x
game	BookWithQuiz	0	en_338
game	SentenceMaker	3	x
day	12	4
game	Labeling	26	x
game	WhatIsThis	9	x
game	BookWithQuiz	0	en_336
game	SentenceMaker	4	x
day	13	4
game	Labeling	6	x
game	WhatIsThis	9	x
game	BookWithQuiz	0	en_335
game	SentenceMaker	5	x
day	14	1
game	EggQuizLiteracy	0	MiniTest_7_2
day	15	4
game	WhatIsThis	10	x
game	ReadingBird	17	x
game	BookWithQuiz	0	en_341
game	SentenceMaker	6	x
day	16	4
game	WhatIsThis	10	x
game	ReadingBird	18	x
game	BookWithQuiz	0	en_340
game	SentenceMaker	7	x
day	17	4
game	WordKicker	15	x
game	ReadingBird	18	x
game	BookWithQuiz	0	en_339
game	SentenceMaker	7	x
day	18	4
game	WordKicker	16	x
game	Video	0	en_vdo_uppercase
game	BookWithQuiz	0	en_343
game	SentenceMaker	8	x
day	19	4
game	WordKicker	17	x
game	ReadingBird	17	x
game	BookWithQuiz	0	en_344
game	SentenceMaker	8	x
day	20	4
game	WordKicker	18	x
game	SentenceBridge	8	x
game	BookWithQuiz	0	en_347
game	LRComprehension	6	x
day	21	4
game	WordKicker	19	x
game	SentenceBridge	8	x
game	BookWithQuiz	0	en_334
game	LRComprehension	7	x
day	22	1
game	EggQuizLiteracy	0	MiniTest_7_3
day	23	4
game	Video	0	en_vdo_punctuation
game	SentenceBridge	9	x
game	BookWithQuiz	0	en_342
game	LRComprehension	8	x
day	24	4
game	Video	0	en_vdo_ub_fifteen_8
game	SentenceBridge	9	x
game	BookWithQuiz	0	en_349
game	LRComprehension	9	x
day	25	4
game	Video	0	en_vdo_punctuation
game	SentenceBridge	10	x
game	BookWithQuiz	0	en_421
game	SentenceMaker	9	x
day	26	4
game	WhatIsThis	9	x
game	SentenceBridge	10	x
game	BookWithQuiz	0	en_420
game	SentenceMaker	9	x
day	27	4
game	WhatIsThis	10	x
game	SentenceBridge	11	x
game	BookWithQuiz	0	en_403
game	LRComprehension	10	x
day	28	4
game	WhatIsThis	11	x
game	SentenceBridge	11	x
game	BookWithQuiz	0	en_419
game	LRComprehension	11	x
day	29	4
game	WhatIsThis	12	x
game	SentenceBridge	9	x
game	BookWithQuiz	0	en_401
game	LRComprehension	12	x
day	30	1
game	EggQuizLiteracy	0	PostTest_7

level	en-US	English 8	L	8	30
day	1	4
game	ReadingBird	14	x
game	Book	0	en_415
game	WordKicker	14	x
game	SentenceMaker	9	x
day	2	4
game	ReadingBird	15	x
game	BookWithQuiz	0	en_415
game	SentenceMaker	10	x
game	StarFall	1	x
day	3	4
game	WhatIsThis	12	x
game	Book	0	en_418
game	WordKicker	15	x
game	SentenceMaker	10	x
day	4	4
game	WhatIsThis	13	x
game	BookWithQuiz	0	en_418
game	SentenceMaker	9	x
game	StarFall	2	x
day	5	4
game	WhatIsThis	13	x
game	BookWithQuiz	0	en_406
game	SentenceMaker	10	x
game	LRComprehension	12	x
day	6	4
game	ReadingBird	16	x
game	BookWithQuiz	0	en_406
game	SentenceMaker	11	x
game	LRComprehension	13	x
day	7	1
game	EggQuizLiteracy	0	MiniTest_8_1
day	8	4
game	ReadingBird	17	x
game	Book	0	en_414
game	WordKicker	16	x
game	SentenceMaker	11	x
day	9	4
game	WhatIsThis	14	x
game	BookWithQuiz	0	en_414
game	WordKicker	17	x
game	StarFall	3	x
day	10	4
game	WhatIsThis	14	x
game	Book	0	en_425
game	WordKicker	18	x
game	LRComprehension	14	x
day	11	4
game	ReadingBird	18	x
game	BookWithQuiz	0	en_425
game	WordKicker	19	x
game	SentenceMaker	12	x
day	12	4
game	ReadingBird	18	x
game	BookWithQuiz	0	en_402
game	SentenceBridge	10	x
game	LRComprehension	15	x
day	13	4
game	WordKicker	20	x
game	BookWithQuiz	0	en_402
game	SentenceBridge	11	x
game	LRComprehension	16	x
day	14	1
game	EggQuizLiteracy	0	MiniTest_8_2
day	15	4
game	WordKicker	21	x
game	Book	0	en_404
game	SentenceMaker	12	x
game	LRComprehension	17	x
day	16	4
game	WordKicker	22	x
game	BookWithQuiz	0	en_404
game	SentenceBridge	12	x
game	StarFall	4	x
day	17	4
game	WhatIsThis	15	x
game	Book	0	en_426
game	LRComprehension	18	x
game	StarFall	4	x
day	18	4
game	WhatIsThis	15	x
game	BookWithQuiz	0	en_426
game	SentenceBridge	13	x
game	LRComprehension	19	x
day	19	4
game	WhatIsThis	16	x
game	Book	0	en_405
game	SentenceBridge	13	x
game	LRComprehension	20	x
day	20	4
game	WhatIsThis	16	x
game	BookWithQuiz	0	en_405
game	SentenceBridge	14	x
game	StarFall	5	x
day	21	4
game	Video	0	en_vdo_1034
game	Book	0	en_424
game	SentenceBridge	15	x
game	LRComprehension	21	x
day	22	1
game	EggQuizLiteracy	0	MiniTest_8_3
day	23	4
game	WordKicker	19	x
game	BookWithQuiz	0	en_424
game	SentenceBridge	16	x
game	StarFall	5	x
day	24	4
game	WordKicker	20	x
game	Book	0	en_409
game	SentenceBridge	16	x
game	LRComprehension	22	x
day	25	4
game	WordKicker	21	x
game	BookWithQuiz	0	en_409
game	SentenceBridge	12	x
game	LRComprehension	23	x
day	26	4
game	WordKicker	22	x
game	Book	0	en_407
game	SentenceBridge	13	x
game	LRComprehension	24	x
day	27	4
game	SentenceMaker	10	x
game	BookWithQuiz	0	en_407
game	SentenceBridge	14	x
game	Video	0	en_vdo_1034
day	28	4
game	SentenceMaker	11	x
game	Book	0	en_411
game	SentenceBridge	15	x
game	LRComprehension	25	x
day	29	4
game	SentenceMaker	12	x
game	BookWithQuiz	0	en_411
game	SentenceBridge	16	x
game	LRComprehension	26	x
day	30	1
game	EggQuizLiteracy	0	PostTest_8

level	en-US	English 9	L	9	30
day	1	4
game	Video	0	en_vdo_1030
game	Book	0	en_408
game	LRComprehension	27	x
game	StarFall	6	x
day	2	4
game	SentenceMaker	13	x
game	BookWithQuiz	0	en_408
game	SentenceBridge	17	x
game	StarFall	6	x
day	3	4
game	SentenceMaker	13	x
game	Book	0	en_410
game	LRComprehension	28	x
game	SentenceBridge	17	x
day	4	4
game	WhatIsThis	13	x
game	BookWithQuiz	0	en_410
game	SentenceBridge	18	x
game	StarFall	6	x
day	5	4
game	WhatIsThis	14	x
game	Book	0	en_412
game	LRComprehension	29	x
game	Video	0	en_vdo_1030
day	6	4
game	WhatIsThis	15	x
game	BookWithQuiz	0	en_412
game	SentenceBridge	19	x
game	AnimalPuzzle	27	x
day	7	1
game	EggQuizLiteracy	0	MiniTest_9_1
day	8	4
game	SentenceMaker	14	x
game	Book	0	en_413
game	LRComprehension	30	x
game	SentenceBridge	18	x
day	9	4
game	WhatIsThis	16	x
game	BookWithQuiz	0	en_413
game	SentenceBridge	19	x
game	StarFall	7	x
day	10	4
game	SentenceMaker	14	x
game	Book	0	en_502
game	LRComprehension	31	x
game	StarFall	7	x
day	11	4
game	WhatIsThis	17	x
game	BookWithQuiz	0	en_502
game	SentenceMaker	12	x
game	StarFall	8	x
day	12	4
game	WhatIsThis	17	x
game	Book	0	en_504
game	LRComprehension	32	x
game	SentenceBridge	20	x
day	13	4
game	WhatIsThis	18	x
game	BookWithQuiz	0	en_504
game	SentenceMaker	13	x
game	StarFall	8	x
day	14	1
game	EggQuizLiteracy	0	MiniTest_9_2
day	15	4
game	SentenceMaker	15	x
game	Book	0	en_509
game	LRComprehension	33	x
game	WhatIsThis	15	x
day	16	4
game	WhatIsThis	18	x
game	BookWithQuiz	0	en_509
game	SentenceBridge	21	x
game	StarFall	9	x
day	17	4
game	Video	0	en_vdo_1032
game	Book	0	en_510
game	LRComprehension	34	x
game	SentenceBridge	22	x
day	18	4
game	SentenceMaker	15	x
game	BookWithQuiz	0	en_510
game	SentenceBridge	23	x
game	StarFall	9	x
day	19	4
game	WhatIsThis	19	x
game	Book	0	en_506
game	LRComprehension	35	x
game	SentenceMaker	14	x
day	20	4
game	Video	0	en_vdo_1032
game	BookWithQuiz	0	en_506
game	SentenceMaker	15	x
game	StarFall	10	x
day	21	4
game	WhatIsThis	19	x
game	Book	0	en_501
game	LRComprehension	36	x
game	StarFall	10	x
day	22	1
game	EggQuizLiteracy	0	MiniTest_9_3
day	23	4
game	WhatIsThis	13	x
game	BookWithQuiz	0	en_501
game	SentenceBridge	24	x
game	LRComprehension	33	x
day	24	4
game	WhatIsThis	14	x
game	Book	0	en_503
game	LRComprehension	37	x
game	SentenceBridge	23	x
day	25	4
game	WhatIsThis	15	x
game	BookWithQuiz	0	en_503
game	LRComprehension	34	x
game	AnimalPuzzle	28	x
day	26	4
game	WhatIsThis	16	x
game	Book	0	en_508
game	LRComprehension	38	x
game	SentenceBridge	24	x
day	27	4
game	WhatIsThis	17	x
game	BookWithQuiz	0	en_508
game	LRComprehension	35	x
game	AnimalPuzzle	29	x
day	28	4
game	WhatIsThis	18	x
game	Book	0	en_507
game	LRComprehension	39	x
game	SentenceBridge	22	x
day	29	4
game	WhatIsThis	19	x
game	BookWithQuiz	0	en_507
game	LRComprehension	36	x
game	AnimalPuzzle	30	x
day	30	1
game	EggQuizLiteracy	0	PostTest_9

level	en-US	PreSchool	M	0	5
day	1	3
game	Tapping	1	x
game	FindTheMatch	1	x
game	NumberMatching	1	x
day	2	4
game	NumberMatching	1	x
game	Tapping	1	x
game	FindTheMatch	1	x
game	Tapping	1	x
day	3	4
game	FindTheMatch	2	x
game	NumberMatching	2	x
game	PatternTrain	1	x
game	NumberMatching	2	x
day	4	3
game	PatternTrain	1	x
game	Tapping	2	x
game	FindTheMatch	2	x
day	5	4
game	FindTheMatch	3	x
game	NumberMatching	2	x
game	PatternTrain	1	x
game	Tapping	2	x

level	en-US	Math 1	M	1	16
day	1	5
game	NumberPuzzle	1	x
game	PatternTrain	2	x
game	Video	0	en_vdo_ub_fifteen_13
game	NumberTracing	1	x
game	NumberMatching	3	x
day	2	4
game	NumberPuzzle	1	x
game	LineMatching	1	x
game	FindTheMatch	3	x
game	NumberMatching	3	x
day	3	5
game	NumberPuzzle	1	x
game	Counting	1	x
game	PatternTrain	2	x
game	NumberTracing	1	x
game	Video	0	en_vdo_ub_fifteen_13
day	4	4
game	NumberPuzzle	2	x
game	LineMatching	1	x
game	FindTheMatch	3	x
game	NumberMatching	4	x
day	5	4
game	NumberPuzzle	2	x
game	PatternTrain	2	x
game	NumberTracing	1	x
game	NumberMatching	4	x
day	6	4
game	NumberPuzzle	2	x
game	Counting	2	x
game	LineMatching	2	x
game	FindTheMatch	4	x
day	7	5
game	NumberPuzzle	1	x
game	PatternTrain	2	x
game	Video	0	en_vdo_count10
game	NumberTracing	2	x
game	NumberMatching	5	x
day	8	4
game	NumberPuzzle	1	x
game	LineMatching	2	x
game	FindTheMatch	4	x
game	NumberMatching	5	x
day	9	5
game	NumberPuzzle	2	x
game	Counting	3	x
game	PatternTrain	3	x
game	NumberTracing	1	x
game	Video	0	en_vdo_ub_fifteen_3
day	10	4
game	NumberPuzzle	2	x
game	Counting	2	x
game	FindTheMatch	5	x
game	NumberMatching	6	x
day	11	5
game	NumberPuzzle	1	x
game	Counting	1	x
game	Video	0	en_vdo_ub_fifteen_3
game	NumberTracing	2	x
game	NumberMatching	6	x
day	12	5
game	NumberPuzzle	2	x
game	Counting	3	x
game	PatternTrain	3	x
game	FindTheMatch	5	x
game	NumberMatching	7	x
day	13	5
game	NumberPuzzle	3	x
game	PatternTrain	3	x
game	NumberTracing	2	x
game	NumberMatching	7	x
game	Video	0	en_vdo_ub_fifteen_15
day	14	4
game	NumberPuzzle	2	x
game	Counting	4	x
game	FindTheMatch	5	x
game	NumberMatching	8	x
day	15	5
game	NumberPuzzle	3	x
game	Counting	4	x
game	PatternTrain	3	x
game	NumberTracing	2	x
game	NumberMatching	8	x
day	16	1
game	EggQuizMath	0	PostTest_1

level	en-US	Special Course	M	10	28
day	1	5
game	Video	0	en_vdo_ub_fifteen_10
game	FeedingTime	4	x
game	NumberTrain	3	x
game	NumberTrain	5	x
game	EggQuizMath	0	SpecialTest_1
day	2	5
game	Video	0	en_vdo_sc_order2digit
game	FeedingTime	13	x
game	NumberTrain	15	x
game	NumberTrain	18	x
game	EggQuizMath	0	SpecialTest_2
day	3	5
game	Video	0	en_vdo_sc_order3digit
game	ThirtyPuzzle	30	x
game	FeedingTime	22	x
game	FeedingTime	23	x
game	EggQuizMath	0	SpecialTest_3
day	4	6
game	Video	0	en_vdo_sc_skipcounting1
game	MissingNumber	2	x
game	MissingNumber	4	x
game	ThirtyPuzzle	4	x
game	MissingNumber	23	x
game	EggQuizMath	0	SpecialTest_4
day	5	6
game	Video	0	en_vdo_sc_skipcounting2
game	MissingNumber	10	x
game	MissingNumber	12	x
game	MissingNumber	27	x
game	ThirtyPuzzle	13	x
game	EggQuizMath	0	SpecialTest_5
day	6	6
game	Video	0	en_vdo_sc_skipcounting3
game	MissingNumber	29	x
game	MissingNumber	30	x
game	MissingNumber	33	x
game	MissingNumber	34	x
game	EggQuizMath	0	SpecialTest_6
day	7	6
game	Video	0	en_vdo_sc_addition1
game	DoubleDigit	1	x
game	MovingInsects	5	x
game	FishTank	7	x
game	EquationMaker	5	x
game	EggQuizMath	0	SpecialTest_7
day	8	6
game	Video	0	en_vdo_sc_addition2
game	DoubleDigit	2	x
game	DoubleDigit	4	x
game	QuickFacts	15	x
game	QuickFacts	17	x
game	EggQuizMath	0	SpecialTest_8
day	9	6
game	Video	0	en_vdo_verticaladd
game	DoubleDigit	3	x
game	QuickFacts	23	x
game	MangoShop	2	x
game	MangoShop	3	x
game	EggQuizMath	0	SpecialTest_9
day	10	6
game	Video	0	en_vdo_verticaladd2
game	MathKicker	4	x
game	DoubleDigit	29	x
game	DoubleDigit	30	x
game	MathKicker	5	x
game	EggQuizMath	0	SpecialTest_10
day	11	6
game	Video	0	en_vdo_verticaladd3
game	MangoShop	10	x
game	MangoShop	11	x
game	DoubleDigit	31	x
game	DoubleDigit	14	x
game	EggQuizMath	0	SpecialTest_11
day	12	6
game	Video	0	en_vdo_sc_addition3
game	MathKicker	6	x
game	MathKicker	7	x
game	DoubleDigit	32	x
game	DoubleDigit	20	x
game	EggQuizMath	0	SpecialTest_12
day	13	6
game	Video	0	en_vdo_1048
game	WordWindow	1	x
game	WordWindow	5	x
game	WordWindow	11	x
game	DoubleDigit	3	x
game	EggQuizMath	0	SpecialTest_13
day	14	6
game	Video	0	en_vdo_sc_wordproblem3
game	WordWindow	6	x
game	Video	0	en_vdo_sc_wordproblem4
game	WordWindow	12	x
game	MangoShop	2	x
game	EggQuizMath	0	SpecialTest_14
day	15	6
game	Video	0	en_vdo_1050
game	WordWindow	8	x
game	WordWindow	15	x
game	FishTank	9	x
game	FishTank	11	x
game	EggQuizMath	0	SpecialTest_15
day	16	6
game	Video	0	en_vdo_sc_wordproblem5
game	WordWindow	9	x
game	Video	0	en_vdo_sc_wordproblem6
game	EquationMaker	5	x
game	QuickFacts	9	x
game	EggQuizMath	0	SpecialTest_16
day	17	6
game	Video	0	en_vdo_sc_subtraction1
game	DoubleDigit	5	x
game	QuickFacts	10	x
game	MovingInsects	6	x
game	MovingInsects	8	x
game	EggQuizMath	0	SpecialTest_17
day	18	6
game	Video	0	en_vdo_verticalsub
game	QuickFacts	18	x
game	DoubleDigit	10	x
game	EquationMaker	8	x
game	QuickFacts	19	x
game	EggQuizMath	0	SpecialTest_18
day	19	6
game	Video	0	en_vdo_sc_subtraction2
game	MangoShop	6	x
game	DoubleDigit	8	x
game	MangoShop	7	x
game	MathKicker	11	x
game	EggQuizMath	0	SpecialTest_19
day	20	6
game	Video	0	en_vdo_sc_subtraction3
game	MathKicker	9	x
game	DoubleDigit	33	x
game	DoubleDigit	34	x
game	MathKicker	12	x
game	EggQuizMath	0	SpecialTest_20
day	21	6
game	Video	0	en_vdo_sc_subtraction4
game	DoubleDigit	35	x
game	DoubleDigit	15	x
game	MathKicker	13	x
game	MathKicker	14	x
game	EggQuizMath	0	SpecialTest_21
day	22	6
game	Video	0	en_vdo_1049
game	WordWindow	3	x
game	WordWindow	7	x
game	WordWindow	13	x
game	MangoShop	7	x
game	EggQuizMath	0	SpecialTest_22
day	23	6
game	Video	0	en_vdo_sc_wordproblem1
game	WordWindow	4	x
game	Video	0	en_vdo_sc_wordproblem2
game	WordWindow	14	x
game	QuickFacts	18	x
game	EggQuizMath	0	SpecialTest_23
day	24	6
game	Video	0	en_vdo_sc_wordproblem7
game	WordWindow	10	x
game	Video	0	en_vdo_sc_wordproblem8
game	EquationMaker	6	x
game	QuickFacts	6	x
game	EggQuizMath	0	SpecialTest_24
day	25	5
game	Video	0	en_vdo_ub_fifteen_12
game	EquationMaker	12	x
game	MultiplicationBoard	9	x
game	QuickFacts	41	x
game	EggQuizMath	0	SpecialTest_25
day	26	6
game	Video	0	en_vdo_1052
game	WordWindow	17	x
game	QuickFacts	20	x
game	EquationMaker	11	x
game	EquationMaker	12	x
game	EggQuizMath	0	SpecialTest_26
day	27	6
game	Video	0	en_vdo_1051
game	WordWindow	16	x
game	EquationMaker	11	x
game	QuickFacts	41	x
game	MultiplicationBoard	9	x
game	EggQuizMath	0	SpecialTest_27
day	28	5
game	Video	0	en_vdo_shapes
game	ShapeMatching	4	x
game	ShapeMatching	5	x
game	ShapeMatching	9	x
game	EggQuizMath	0	SpecialTest_28

level	en-US	Fish Present	M	11	0

level	en-US	Math 2	M	2	17
day	1	5
game	PatternTrain	4	x
game	ThirtyPuzzle	1	x
game	NumberPuzzle	4	x
game	Video	0	en_vdo_ub_fifteen_10
game	NumberTracingExt	1	x
day	2	4
game	PatternTrain	4	x
game	ThirtyPuzzle	2	x
game	NumberPuzzle	4	x
game	NumberTracingExt	3	x
day	3	5
game	PatternTrain	5	x
game	ThirtyPuzzle	2	x
game	NumberPuzzle	5	x
game	Video	0	en_vdo_ub_fifteen_10
game	NumberTracingExt	2	x
day	4	5
game	PatternTrain	5	x
game	ThirtyPuzzle	3	x
game	NumberPuzzle	5	x
game	Tapping	1	x
game	NumberTracingExt	4	x
day	5	5
game	NumberTrain	1	x
game	ThirtyPuzzle	3	x
game	NumberPuzzle	4	x
game	Video	0	en_vdo_ub_fifteen_1
game	Tapping	2	x
day	6	4
game	NumberTrain	1	x
game	ThirtyPuzzle	4	x
game	NumberMatching	9	x
game	Tapping	1	x
day	7	5
game	NumberTrain	2	x
game	ThirtyPuzzle	4	x
game	NumberMatching	9	x
game	Video	0	en_vdo_ub_fifteen_1
game	Tapping	2	x
day	8	4
game	NumberTrain	2	x
game	ThirtyPuzzle	5	x
game	NumberMatching	10	x
game	Tapping	1	x
day	9	5
game	FindTheMatch	7	x
game	ThirtyPuzzle	5	x
game	NumberMatching	10	x
game	NumberTracingExt	4	x
game	Counting	5	x
day	10	5
game	FindTheMatch	7	x
game	ThirtyPuzzle	5	x
game	NumberPuzzle	4	x
game	Video	0	en_vdo_bigsmall
game	Counting	6	x
day	11	4
game	FeedingTime	1	x
game	NumberPuzzle	5	x
game	Tapping	1	x
game	Counting	7	x
day	12	5
game	FeedingTime	2	x
game	ThirtyPuzzle	6	x
game	NumberMatching	11	x
game	Tapping	2	x
game	Counting	5	x
day	13	5
game	NumberTrain	1	x
game	ThirtyPuzzle	6	x
game	NumberMatching	11	x
game	NumberTracingExt	1	x
game	Counting	6	x
day	14	5
game	NumberTrain	2	x
game	ThirtyPuzzle	7	x
game	NumberPuzzle	6	x
game	NumberTracingExt	3	x
game	Counting	7	x
day	15	5
game	FindTheMatch	8	x
game	ThirtyPuzzle	7	x
game	NumberPuzzle	5	x
game	NumberTracingExt	2	x
game	FeedingTime	1	x
day	16	5
game	FindTheMatch	8	x
game	Video	0	en_vdo_equalsgreatless
game	NumberPuzzle	6	x
game	NumberTracingExt	4	x
game	FeedingTime	2	x
day	17	1
game	EggQuizMath	0	PostTest_2

level	en-US	Math 3	M	3	28
day	1	5
game	MovingInsects	1	x
game	ThirtyPuzzle	6	x
game	NumberTrain	3	x
game	EquationMaker	1	x
game	MissingNumber	1	x
day	2	5
game	MovingInsects	1	x
game	ThirtyPuzzle	6	x
game	NumberTrain	3	x
game	EquationMaker	1	x
game	MissingNumber	1	x
day	3	5
game	MovingInsects	1	x
game	NumberTrain	3	x
game	EquationMaker	2	x
game	MissingNumber	1	x
game	Video	0	en_vdo_keypad
day	4	6
game	MovingInsects	2	x
game	FeedingTime	1	x
game	NumberTrain	4	x
game	EquationMaker	2	x
game	MissingNumber	2	x
game	ThirtyPuzzle	7	x
day	5	5
game	MovingInsects	2	x
game	NumberTrain	4	x
game	FishTank	1	x
game	MissingNumber	2	x
game	Video	0	en_vdo_equalsgreatless
day	6	6
game	MovingInsects	2	x
game	FeedingTime	1	x
game	NumberTrain	4	x
game	FishTank	1	x
game	MissingNumber	2	x
game	ThirtyPuzzle	7	x
day	7	1
game	EggQuizMath	0	MiniTest_3_1
day	8	6
game	MovingInsects	3	x
game	Counting	6	x
game	NumberTrain	5	x
game	FishTank	2	x
game	NumberTracingExt	7	x
game	FeedingTime	2	x
day	9	6
game	MovingInsects	3	x
game	Counting	6	x
game	NumberTrain	5	x
game	FishTank	2	x
game	ThirtyPuzzle	8	x
game	Video	0	en_vdo_plusminus
day	10	5
game	MovingInsects	3	x
game	FeedingTime	2	x
game	NumberTrain	5	x
game	EquationMaker	3	x
game	ThirtyPuzzle	8	x
day	11	5
game	MovingInsects	4	x
game	Counting	7	x
game	NumberTrain	6	x
game	EquationMaker	3	x
game	MissingNumber	3	x
day	12	5
game	MovingInsects	4	x
game	FeedingTime	3	x
game	NumberTrain	6	x
game	EquationMaker	4	x
game	MissingNumber	3	x
day	13	6
game	MovingInsects	4	x
game	Counting	7	x
game	NumberTrain	6	x
game	EquationMaker	4	x
game	MissingNumber	3	x
game	Video	0	en_vdo_ub_fifteen_10
day	14	1
game	EggQuizMath	0	MiniTest_3_2
day	15	6
game	MovingInsects	5	x
game	Counting	8	x
game	NumberTrain	7	x
game	EquationMaker	5	x
game	NumberTracingExt	8	x
game	Video	0	en_vdo_ub_fifteen_1
day	16	6
game	MovingInsects	5	x
game	PlaceValue	1	x
game	NumberTrain	7	x
game	EquationMaker	5	x
game	NumberTracingExt	5	x
game	FeedingTime	3	x
day	17	5
game	MovingInsects	5	x
game	FeedingTime	4	x
game	NumberTrain	7	x
game	EquationMaker	5	x
game	NumberTracingExt	6	x
day	18	5
game	MovingInsects	6	x
game	Counting	8	x
game	NumberTrain	8	x
game	EquationMaker	5	x
game	MissingNumber	4	x
day	19	6
game	MovingInsects	6	x
game	PlaceValue	2	x
game	NumberTrain	8	x
game	FishTank	3	x
game	MissingNumber	4	x
game	FeedingTime	4	x
day	20	5
game	MovingInsects	6	x
game	FeedingTime	5	x
game	NumberTrain	8	x
game	FishTank	3	x
game	MissingNumber	4	x
day	21	1
game	EggQuizMath	0	MiniTest_3_3
day	22	5
game	MovingInsects	7	x
game	PlaceValue	2	x
game	NumberTrain	3	x
game	FishTank	4	x
game	MissingNumber	5	x
day	23	5
game	MovingInsects	7	x
game	FeedingTime	5	x
game	NumberTrain	4	x
game	FishTank	4	x
game	MissingNumber	5	x
day	24	6
game	MovingInsects	7	x
game	PlaceValue	3	x
game	NumberTrain	5	x
game	EquationMaker	6	x
game	MissingNumber	5	x
game	Video	0	en_vdo_ub_fifteen_7
day	25	5
game	MovingInsects	8	x
game	PlaceValue	3	x
game	NumberTrain	6	x
game	EquationMaker	6	x
game	NumberTracingExt	6	x
day	26	5
game	MovingInsects	8	x
game	FeedingTime	5	x
game	NumberTrain	7	x
game	EquationMaker	6	x
game	NumberTracingExt	7	x
day	27	5
game	MovingInsects	8	x
game	PlaceValue	4	x
game	NumberTrain	8	x
game	EquationMaker	6	x
game	NumberTracingExt	8	x
day	28	1
game	EggQuizMath	0	PostTest_3

level	en-US	Math 4	M	4	21
day	1	5
game	NumberTracingExt	9	x
game	EquationMaker	7	x
game	NumberTrain	6	x
game	Video	0	en_vdo_shapesevery
game	ShapeMatching	1	x
day	2	5
game	NumberTracingExt	10	x
game	EquationMaker	7	x
game	NumberTrain	6	x
game	ShapeMatching	1	x
game	FeedingTime	5	x
day	3	5
game	NumberTracingExt	11	x
game	HundredPuzzle	1	x
game	NumberTrain	7	x
game	MissingNumber	2	x
game	FeedingTime	5	x
day	4	5
game	NumberTracingExt	12	x
game	ShapeMatching	1	x
game	NumberTrain	7	x
game	MissingNumber	2	x
game	FeedingTime	12	x
day	5	5
game	NumberTracingExt	13	x
game	HundredPuzzle	2	x
game	NumberTrain	8	x
game	MissingNumber	4	x
game	FeedingTime	12	x
day	6	4
game	Video	0	en_vdo_placevalues
game	HundredPuzzle	2	x
game	NumberTrain	8	x
game	MissingNumber	4	x
day	7	1
game	EggQuizMath	0	MiniTest_4_1
day	8	5
game	PlaceValue	1	x
game	EquationMaker	8	x
game	Video	0	en_vdo_shapes
game	FeedingTime	13	x
game	ShapeMatching	2	x
day	9	5
game	PlaceValue	2	x
game	EquationMaker	8	x
game	NumberTrain	9	x
game	Video	0	en_vdo_keypad
game	FeedingTime	13	x
day	10	5
game	PlaceValue	2	x
game	EquationMaker	9	x
game	NumberTrain	9	x
game	FeedingTime	14	x
game	ShapeMatching	2	x
day	11	5
game	PlaceValue	3	x
game	HundredPuzzle	3	x
game	NumberTrain	10	x
game	FeedingTime	14	x
game	ShapeMatching	3	x
day	12	5
game	PlaceValue	3	x
game	EquationMaker	9	x
game	NumberTrain	10	x
game	FishTank	5	x
game	ShapeMatching	3	x
day	13	4
game	PlaceValue	4	x
game	HundredPuzzle	3	x
game	NumberTrain	11	x
game	FishTank	5	x
day	14	1
game	EggQuizMath	0	MiniTest_4_2
day	15	5
game	PlaceValue	4	x
game	HundredPuzzle	4	x
game	NumberTrain	11	x
game	FishTank	6	x
game	Video	0	en_vdo_verticaladd
day	16	5
game	PlaceValue	5	x
game	HundredPuzzle	4	x
game	MissingNumber	5	x
game	FishTank	6	x
game	ShapeMatching	1	x
day	17	5
game	PlaceValue	5	x
game	HundredPuzzle	5	x
game	MissingNumber	5	x
game	FishTank	7	x
game	EquationMaker	7	x
day	18	5
game	PlaceValue	6	x
game	MissingNumber	6	x
game	HundredPuzzle	5	x
game	FishTank	7	x
game	ShapeMatching	2	x
day	19	5
game	HundredPuzzle	6	x
game	MissingNumber	6	x
game	NumberTrain	12	x
game	FishTank	8	x
game	EquationMaker	8	x
day	20	5
game	PlaceValue	6	x
game	HundredPuzzle	6	x
game	NumberTrain	12	x
game	FishTank	8	x
game	ShapeMatching	3	x
day	21	1
game	EggQuizMath	0	PostTest_4

level	en-US	Math 5	M	5	28
day	1	5
game	PlaceValue	1	x
game	HundredPuzzle	4	x
game	Video	0	en_vdo_verticalsub
game	DoubleDigit	36	x
game	FeedingTime	12	x
day	2	5
game	PlaceValue	2	x
game	HundredPuzzle	5	x
game	NumberTrain	11	x
game	DoubleDigit	37	x
game	FeedingTime	12	x
day	3	5
game	MissingNumber	7	x
game	PlaceValue	3	x
game	NumberTrain	11	x
game	DoubleDigit	5	x
game	FeedingTime	13	x
day	4	5
game	MissingNumber	7	x
game	HundredPuzzle	6	x
game	NumberTrain	12	x
game	DoubleDigit	6	x
game	FeedingTime	13	x
day	5	5
game	Video	0	en_vdo_placevalues
game	MissingNumber	8	x
game	NumberTrain	12	x
game	DoubleDigit	36	x
game	ShapeMatching	4	x
day	6	5
game	PlaceValue	4	x
game	MissingNumber	8	x
game	NumberTrain	13	x
game	DoubleDigit	5	x
game	ShapeMatching	4	x
day	7	1
game	EggQuizMath	0	MiniTest_5_1
day	8	5
game	Video	0	en_vdo_airshapes
game	NumberTrain	13	x
game	EquationMaker	7	x
game	DoubleDigit	2	x
game	FeedingTime	14	x
day	9	5
game	MissingNumber	9	x
game	HundredPuzzle	7	x
game	EquationMaker	7	x
game	FeedingTime	14	x
game	ShapeMatching	5	x
day	10	5
game	Video	0	en_vdo_airshapes
game	HundredPuzzle	7	x
game	EquationMaker	8	x
game	DoubleDigit	2	x
game	MangoShop	1	x
day	11	5
game	MissingNumber	9	x
game	HundredPuzzle	8	x
game	EquationMaker	8	x
game	ShapeMatching	5	x
game	MangoShop	1	x
day	12	5
game	MissingNumber	10	x
game	HundredPuzzle	8	x
game	PlaceValue	5	x
game	DoubleDigit	4	x
game	Video	0	en_vdo_verticaladd
day	13	5
game	MissingNumber	10	x
game	NumberTrain	15	x
game	PlaceValue	6	x
game	DoubleDigit	4	x
game	MangoShop	2	x
day	14	1
game	EggQuizMath	0	MiniTest_5_2
day	15	5
game	Video	0	en_vdo_shapesevery
game	MissingNumber	11	x
game	EquationMaker	9	x
game	ShapeMatching	6	x
game	MangoShop	2	x
day	16	4
game	ShapeMatching	6	x
game	NumberTrain	11	x
game	EquationMaker	9	x
game	MangoShop	3	x
day	17	5
game	ShapeMatching	6	x
game	LineMatching	5	x
game	PlaceValue	7	x
game	DoubleDigit	7	x
game	MissingNumber	11	x
day	18	5
game	ShapeMatching	7	x
game	LineMatching	6	x
game	HundredPuzzle	9	x
game	PlaceValue	7	x
game	MangoShop	3	x
day	19	5
game	Video	0	en_vdo_verticaladd2
game	NumberTrain	12	x
game	MangoShop	5	x
game	DoubleDigit	7	x
game	PlaceValue	8	x
day	20	5
game	ShapeMatching	7	x
game	LineMatching	7	x
game	HundredPuzzle	9	x
game	MangoShop	5	x
game	PlaceValue	8	x
day	21	1
game	EggQuizMath	0	MiniTest_5_3
day	22	5
game	ShapeMatching	8	x
game	Video	0	en_vdo_verticaladd2
game	HundredPuzzle	10	x
game	MangoShop	6	x
game	DoubleDigit	9	x
day	23	5
game	ShapeMatching	8	x
game	NumberTrain	13	x
game	MissingNumber	12	x
game	MangoShop	6	x
game	PlaceValue	9	x
day	24	4
game	ShapeMatching	9	x
game	HundredPuzzle	10	x
game	MissingNumber	12	x
game	DoubleDigit	9	x
day	25	5
game	ShapeMatching	9	x
game	LineMatching	8	x
game	NumberTrain	15	x
game	MissingNumber	13	x
game	MangoShop	4	x
day	26	5
game	ShapeMatching	10	x
game	Video	0	en_vdo_verticalsub
game	NumberTrain	15	x
game	DoubleDigit	10	x
game	MissingNumber	13	x
day	27	5
game	ShapeMatching	10	x
game	PlaceValue	9	x
game	MissingNumber	14	x
game	DoubleDigit	10	x
game	MangoShop	4	x
day	28	1
game	EggQuizMath	0	PostTest_5

level	en-US	Math 6	M	6	28
day	1	5
game	PlaceValue	10	x
game	FeedingTime	13	x
game	MissingNumber	15	x
game	Video	0	en_vdo_verticaladd
game	QuickFacts	1	x
day	2	5
game	PlaceValue	10	x
game	NumberTrain	14	x
game	MissingNumber	15	x
game	MangoShop	2	x
game	FishTank	9	x
day	3	6
game	PlaceValue	11	x
game	FeedingTime	13	x
game	Video	0	en_vdo_placevalues
game	MangoShop	2	x
game	FishTank	9	x
game	QuickFacts	2	x
day	4	5
game	PlaceValue	11	x
game	NumberTrain	14	x
game	QuickFacts	3	x
game	MangoShop	3	x
game	DoubleDigit	3	x
day	5	5
game	PlaceValue	12	x
game	FeedingTime	14	x
game	MissingNumber	16	x
game	MangoShop	3	x
game	DoubleDigit	3	x
day	6	5
game	PlaceValue	12	x
game	NumberTrain	14	x
game	MissingNumber	16	x
game	MangoShop	4	x
game	DoubleDigit	8	x
day	7	1
game	EggQuizMath	0	MiniTest_6_1
day	8	5
game	PlaceValue	13	x
game	FeedingTime	14	x
game	MissingNumber	17	x
game	MangoShop	4	x
game	FishTank	10	x
day	9	6
game	PlaceValue	13	x
game	NumberTrain	16	x
game	MissingNumber	17	x
game	MangoShop	5	x
game	FishTank	10	x
game	Video	0	en_vdo_verticalsub
day	10	5
game	PlaceValue	14	x
game	FeedingTime	19	x
game	QuickFacts	4	x
game	MangoShop	5	x
game	DoubleDigit	8	x
day	11	6
game	PlaceValue	14	x
game	NumberTrain	16	x
game	Video	0	en_vdo_plusminus
game	MangoShop	6	x
game	DoubleDigit	11	x
game	QuickFacts	5	x
day	12	5
game	PlaceValue	15	x
game	FeedingTime	19	x
game	MissingNumber	18	x
game	MangoShop	6	x
game	DoubleDigit	11	x
day	13	5
game	PlaceValue	15	x
game	NumberTrain	16	x
game	MissingNumber	18	x
game	MangoShop	6	x
game	DoubleDigit	38	x
day	14	1
game	EggQuizMath	0	MiniTest_6_2
day	15	5
game	ThirtyPuzzle	18	x
game	FeedingTime	6	x
game	MissingNumber	19	x
game	MangoShop	7	x
game	FishTank	11	x
day	16	5
game	ThirtyPuzzle	19	x
game	NumberTrain	17	x
game	MissingNumber	19	x
game	MangoShop	7	x
game	FishTank	11	x
day	17	5
game	ThirtyPuzzle	20	x
game	FeedingTime	7	x
game	Video	0	en_vdo_airshapes
game	MangoShop	7	x
game	QuickFacts	6	x
day	18	5
game	ThirtyPuzzle	21	x
game	NumberTrain	17	x
game	QuickFacts	7	x
game	MangoShop	8	x
game	DoubleDigit	38	x
day	19	5
game	ThirtyPuzzle	22	x
game	FeedingTime	8	x
game	MissingNumber	20	x
game	MangoShop	8	x
game	DoubleDigit	39	x
day	20	6
game	ThirtyPuzzle	23	x
game	NumberTrain	17	x
game	MissingNumber	20	x
game	MangoShop	5	x
game	DoubleDigit	39	x
game	QuickFacts	8	x
day	21	1
game	EggQuizMath	0	MiniTest_6_3
day	22	5
game	MangoShop	6	x
game	FeedingTime	9	x
game	QuickFacts	9	x
game	Video	0	en_vdo_verticaladd2
game	PlaceValue	16	x
day	23	5
game	ThirtyPuzzle	24	x
game	NumberTrain	18	x
game	QuickFacts	9	x
game	MangoShop	6	x
game	FishTank	9	x
day	24	4
game	MangoShop	7	x
game	FeedingTime	10	x
game	QuickFacts	10	x
game	PlaceValue	16	x
day	25	5
game	ThirtyPuzzle	25	x
game	NumberTrain	18	x
game	QuickFacts	10	x
game	MangoShop	7	x
game	FishTank	11	x
day	26	5
game	MangoShop	8	x
game	FeedingTime	11	x
game	QuickFacts	11	x
game	Video	0	en_vdo_airshapes
game	ThirtyPuzzle	26	x
day	27	5
game	ThirtyPuzzle	27	x
game	QuickFacts	12	x
game	NumberTrain	18	x
game	MissingNumber	20	x
game	DoubleDigit	12	x
day	28	1
game	EggQuizMath	0	PostTest_6

level	en-US	Math 7	M	7	28
day	1	5
game	MissingNumber	21	x
game	MangoShop	6	x
game	DoubleDigit	3	x
game	NumberTrain	14	x
game	PlaceValue	17	x
day	2	5
game	MissingNumber	21	x
game	QuickFacts	13	x
game	ThirtyPuzzle	28	x
game	NumberTrain	14	x
game	PlaceValue	17	x
day	3	5
game	MissingNumber	22	x
game	MangoShop	6	x
game	DoubleDigit	8	x
game	NumberTrain	16	x
game	PlaceValue	18	x
day	4	5
game	MissingNumber	22	x
game	QuickFacts	14	x
game	Video	0	en_vdo_1048
game	WordWindow	1	x
game	PlaceValue	18	x
day	5	5
game	MangoShop	7	x
game	QuickFacts	15	x
game	Video	0	en_vdo_1048
game	WordWindow	1	x
game	PlaceValue	18	x
day	6	5
game	MangoShop	7	x
game	QuickFacts	16	x
game	DoubleDigit	38	x
game	WordWindow	1	x
game	PlaceValue	19	x
day	7	1
game	EggQuizMath	0	MiniTest_7_1
day	8	5
game	Video	0	en_vdo_verticalsub
game	DoubleDigit	39	x
game	QuickFacts	17	x
game	NumberTrain	16	x
game	PlaceValue	19	x
day	9	5
game	Video	0	en_vdo_ub_fifteen_12
game	MangoShop	8	x
game	DoubleDigit	39	x
game	NumberTrain	17	x
game	PlaceValue	20	x
day	10	5
game	MissingNumber	23	x
game	MangoShop	8	x
game	MathKicker	3	x
game	NumberTrain	17	x
game	PlaceValue	20	x
day	11	5
game	MissingNumber	23	x
game	MangoShop	9	x
game	MathKicker	3	x
game	Video	0	en_vdo_sc_wordproblem3
game	WordWindow	2	x
day	12	5
game	MultiplicationBoard	1	x
game	QuickFacts	18	x
game	MathKicker	10	x
game	Video	0	en_vdo_sc_wordproblem3
game	WordWindow	2	x
day	13	5
game	MultiplicationBoard	1	x
game	MangoShop	9	x
game	MathKicker	10	x
game	Video	0	en_vdo_verticalsub2
game	WordWindow	2	x
day	14	1
game	EggQuizMath	0	MiniTest_7_2
day	15	5
game	MissingNumber	24	x
game	MangoShop	10	x
game	DoubleDigit	13	x
game	NumberTrain	18	x
game	Video	0	en_vdo_ub_fifteen_12
day	16	5
game	MissingNumber	24	x
game	Video	0	en_vdo_verticalsub2
game	QuickFacts	19	x
game	NumberTrain	18	x
game	PlaceValue	21	x
day	17	5
game	MissingNumber	25	x
game	MangoShop	10	x
game	DoubleDigit	33	x
game	QuickFacts	20	x
game	PlaceValue	21	x
day	18	5
game	MissingNumber	25	x
game	MangoShop	11	x
game	DoubleDigit	29	x
game	Video	0	en_vdo_1049
game	WordWindow	3	x
day	19	5
game	MultiplicationBoard	2	x
game	MangoShop	11	x
game	QuickFacts	21	x
game	Video	0	en_vdo_1049
game	WordWindow	3	x
day	20	5
game	MultiplicationBoard	2	x
game	DoubleDigit	29	x
game	Video	0	en_vdo_verticalsub3
game	WordWindow	3	x
game	PlaceValue	22	x
day	21	1
game	EggQuizMath	0	MiniTest_7_3
day	22	5
game	MissingNumber	26	x
game	Video	0	en_vdo_sc_wordproblem1
game	MathKicker	11	x
game	WordWindow	4	x
game	QuickFacts	22	x
day	23	5
game	MissingNumber	26	x
game	Video	0	en_vdo_sc_wordproblem1
game	MangoShop	6	x
game	MathKicker	11	x
game	WordWindow	4	x
day	24	5
game	MissingNumber	27	x
game	MangoShop	7	x
game	QuickFacts	23	x
game	Video	0	en_vdo_verticalsub3
game	PlaceValue	22	x
day	25	5
game	MissingNumber	27	x
game	MangoShop	8	x
game	MathKicker	4	x
game	MultiplicationBoard	3	x
game	QuickFacts	24	x
day	26	5
game	ThirtyPuzzle	29	x
game	Video	0	en_vdo_ub_fifteen_12
game	MathKicker	10	x
game	MultiplicationBoard	3	x
game	PlaceValue	23	x
day	27	5
game	ThirtyPuzzle	30	x
game	Video	0	en_vdo_sc_wordproblem1
game	WordWindow	4	x
game	QuickFacts	25	x
game	PlaceValue	23	x
day	28	1
game	EggQuizMath	0	PostTest_7

level	en-US	Math 8	M	8	28
day	1	5
game	Video	0	en_vdo_1048
game	WordWindow	5	x
game	DoubleDigit	29	x
game	PlaceValue	18	x
game	QuickFacts	26	x
day	2	5
game	MathKicker	3	x
game	MissingNumber	24	x
game	PlaceValue	18	x
game	NumberTrain	14	x
game	LineMatching	10	x
day	3	5
game	Video	0	en_vdo_sc_wordproblem3
game	WordWindow	6	x
game	DoubleDigit	29	x
game	PlaceValue	19	x
game	NumberTrain	15	x
day	4	5
game	FeedingTime	22	x
game	MathKicker	3	x
game	MissingNumber	25	x
game	PlaceValue	20	x
game	MultiplicationBoard	4	x
day	5	5
game	Video	0	en_vdo_sc_wordproblem3
game	WordWindow	6	x
game	DoubleDigit	33	x
game	PlaceValue	21	x
game	QuickFacts	26	x
day	6	5
game	FeedingTime	22	x
game	MissingNumber	26	x
game	QuickFacts	27	x
game	MultiplicationBoard	4	x
game	LineMatching	10	x
day	7	1
game	EggQuizMath	0	MiniTest_8_1
day	8	5
game	Video	0	en_vdo_ub_fifteen_12
game	DoubleDigit	33	x
game	MissingNumber	27	x
game	PlaceValue	22	x
game	LineMatching	11	x
day	9	5
game	QuickFacts	27	x
game	MathKicker	10	x
game	DoubleDigit	31	x
game	PlaceValue	22	x
game	NumberTrain	16	x
day	10	5
game	Video	0	en_vdo_1049
game	WordWindow	7	x
game	DoubleDigit	31	x
game	PlaceValue	23	x
game	MultiplicationBoard	5	x
day	11	5
game	QuickFacts	28	x
game	LineMatching	11	x
game	MissingNumber	27	x
game	MultiplicationBoard	5	x
game	NumberTrain	17	x
day	12	5
game	Video	0	en_vdo_1048
game	WordWindow	11	x
game	MissingNumber	28	x
game	MathKicker	10	x
game	LineMatching	12	x
day	13	5
game	QuickFacts	28	x
game	FeedingTime	22	x
game	MissingNumber	28	x
game	PlaceValue	24	x
game	MultiplicationBoard	6	x
day	14	1
game	EggQuizMath	0	MiniTest_8_2
day	15	5
game	Video	0	en_vdo_1048
game	WordWindow	11	x
game	QuickFacts	29	x
game	PlaceValue	24	x
game	LineMatching	12	x
day	16	5
game	MissingNumber	29	x
game	Video	0	en_vdo_sc_wordproblem4
game	WordWindow	12	x
game	PlaceValue	25	x
game	DoubleDigit	35	x
day	17	5
game	MissingNumber	29	x
game	DoubleDigit	35	x
game	QuickFacts	29	x
game	PlaceValue	25	x
game	NumberTrain	18	x
day	18	5
game	QuickFacts	30	x
game	MathKicker	11	x
game	MissingNumber	30	x
game	Video	0	en_vdo_sc_wordproblem4
game	WordWindow	12	x
day	19	5
game	MathKicker	11	x
game	MissingNumber	30	x
game	Video	0	en_vdo_1049
game	WordWindow	13	x
game	MultiplicationBoard	6	x
day	20	5
game	QuickFacts	30	x
game	FeedingTime	23	x
game	MissingNumber	31	x
game	PlaceValue	25	x
game	MultiplicationBoard	7	x
day	21	1
game	EggQuizMath	0	MiniTest_8_3
day	22	5
game	QuickFacts	29	x
game	FeedingTime	23	x
game	MissingNumber	31	x
game	Video	0	en_vdo_ub_fifteen_12
game	MultiplicationBoard	7	x
day	23	5
game	MathKicker	13	x
game	MissingNumber	32	x
game	Video	0	en_vdo_1049
game	WordWindow	13	x
game	MultiplicationBoard	8	x
day	24	5
game	QuickFacts	30	x
game	FeedingTime	24	x
game	MathKicker	13	x
game	PlaceValue	26	x
game	ShapeMatching	10	x
day	25	5
game	Video	0	en_vdo_sc_wordproblem2
game	WordWindow	14	x
game	MissingNumber	32	x
game	PlaceValue	27	x
game	MultiplicationBoard	8	x
day	26	5
game	FeedingTime	24	x
game	MathKicker	14	x
game	MissingNumber	33	x
game	ShapeMatching	10	x
game	MultiplicationBoard	9	x
day	27	5
game	Video	0	en_vdo_sc_wordproblem2
game	WordWindow	14	x
game	MissingNumber	33	x
game	PlaceValue	27	x
game	MultiplicationBoard	9	x
day	28	1
game	EggQuizMath	0	PostTest_8

level	en-US	Math 9	M	9	28
day	1	5
game	QuickFacts	31	x
game	DoubleDigit	17	x
game	Video	0	en_vdo_1050
game	WordWindow	8	x
game	ShapeMatching	1	x
day	2	5
game	QuickFacts	32	x
game	DoubleDigit	17	x
game	Video	0	en_vdo_1050
game	WordWindow	8	x
game	ShapeMatching	2	x
day	3	5
game	QuickFacts	33	x
game	DoubleDigit	18	x
game	MathKicker	1	x
game	ShapeMatching	3	x
game	PlaceValue	24	x
day	4	5
game	QuickFacts	34	x
game	MultiplicationBoard	9	x
game	MissingNumber	28	x
game	Video	0	en_vdo_sc_wordproblem5
game	WordWindow	9	x
day	5	5
game	QuickFacts	35	x
game	MissingNumber	29	x
game	MathKicker	2	x
game	Video	0	en_vdo_sc_wordproblem6
game	WordWindow	9	x
day	6	4
game	QuickFacts	36	x
game	MultiplicationBoard	9	x
game	MissingNumber	30	x
game	MathKicker	4	x
day	7	1
game	EggQuizMath	0	MiniTest_9_1
day	8	5
game	QuickFacts	37	x
game	DoubleDigit	18	x
game	Video	0	en_vdo_sc_wordproblem7
game	WordWindow	10	x
game	ShapeMatching	4	x
day	9	5
game	QuickFacts	38	x
game	DoubleDigit	19	x
game	Video	0	en_vdo_sc_wordproblem8
game	WordWindow	10	x
game	ShapeMatching	5	x
day	10	5
game	QuickFacts	39	x
game	DoubleDigit	19	x
game	Video	0	en_vdo_verticaladd2
game	MathKicker	5	x
game	ShapeMatching	6	x
day	11	5
game	QuickFacts	40	x
game	MissingNumber	31	x
game	MathKicker	6	x
game	Video	0	en_vdo_verticalsub3
game	PlaceValue	25	x
day	12	5
game	QuickFacts	41	x
game	MultiplicationBoard	9	x
game	MissingNumber	32	x
game	MathKicker	7	x
game	PlaceValue	26	x
day	13	5
game	QuickFacts	41	x
game	MultiplicationBoard	9	x
game	MissingNumber	33	x
game	Video	0	en_vdo_ub_fifteen_11
game	MathKicker	6	x
day	14	1
game	EggQuizMath	0	MiniTest_9_2
day	15	5
game	PlaceValue	24	x
game	DoubleDigit	20	x
game	Video	0	en_vdo_1050
game	WordWindow	15	x
game	ShapeMatching	7	x
day	16	5
game	PlaceValue	25	x
game	MissingNumber	34	x
game	Video	0	en_vdo_1050
game	WordWindow	15	x
game	ShapeMatching	8	x
day	17	5
game	PlaceValue	26	x
game	DoubleDigit	21	x
game	MathKicker	8	x
game	ShapeMatching	9	x
game	QuickFacts	23	x
day	18	5
game	PlaceValue	27	x
game	MissingNumber	34	x
game	Video	0	en_vdo_1051
game	WordWindow	16	x
game	QuickFacts	25	x
day	19	5
game	MultiplicationBoard	9	x
game	DoubleDigit	20	x
game	MathKicker	9	x
game	Video	0	en_vdo_1051
game	WordWindow	16	x
day	20	5
game	QuickFacts	41	x
game	MultiplicationBoard	9	x
game	MissingNumber	35	x
game	MathKicker	12	x
game	Video	0	en_vdo_verticalsub3
day	21	1
game	EggQuizMath	0	MiniTest_9_3
day	22	5
game	PlaceValue	24	x
game	DoubleDigit	21	x
game	Video	0	en_vdo_1052
game	WordWindow	17	x
game	ShapeMatching	10	x
day	23	5
game	PlaceValue	25	x
game	DoubleDigit	22	x
game	Video	0	en_vdo_1052
game	WordWindow	17	x
game	MissingNumber	35	x
day	24	5
game	PlaceValue	26	x
game	DoubleDigit	22	x
game	MissingNumber	36	x
game	MathKicker	6	x
game	QuickFacts	28	x
day	25	5
game	PlaceValue	27	x
game	MissingNumber	36	x
game	Video	0	en_vdo_sc_wordproblem6
game	WordWindow	9	x
game	QuickFacts	30	x
day	26	5
game	Video	0	en_vdo_ub_fifteen_11
game	MultiplicationBoard	9	x
game	MissingNumber	37	x
game	MathKicker	7	x
game	QuickFacts	41	x
day	27	5
game	MultiplicationBoard	9	x
game	MissingNumber	37	x
game	MathKicker	9	x
game	Video	0	en_vdo_sc_wordproblem8
game	WordWindow	10	x
day	28	1
game	EggQuizMath	0	PostTest_9

